{
  "Bounds": "174,233,452,198",
  "Padding": "0,0,0,0",
  "AlignmentEdgeDistances": "0,0,0,0",
  "AlignmentTransform": "0,32",
  "Margin": "0,0,0,0",
  "RenderColor": "255,255,255,255",
  "Alignments": "Center",
  "DrawBackground": true,
  "MinimumSize": "1,1",
  "MaximumSize": "4096,4096",
  "Disabled": false,
  "Hidden": true,
  "RestrictToParent": true,
  "MouseInputEnabled": true,
  "HideToolTip": false,
  "ToolTipBackground": null,
  "ToolTipFont": null,
  "ToolTipTextColor": "",
  "Texture": "selectchar_window.png",
  "HoverSound": null,
  "LeftMouseClickSound": null,
  "RightMouseClickSound": null,
  "Children": {
    "CharacterSelectionHeader": {
      "Bounds": "0,0,452,393",
      "Padding": "0,0,0,0",
      "AlignmentEdgeDistances": "0,0,0,0",
      "AlignmentTransform": "0,0",
      "Margin": "0,0,0,0",
      "RenderColor": "255,255,255,255",
      "Alignments": "",
      "DrawBackground": true,
      "MinimumSize": "1,1",
      "MaximumSize": "4096,4096",
      "Disabled": false,
      "Hidden": false,
      "RestrictToParent": false,
      "MouseInputEnabled": false,
      "HideToolTip": false,
      "ToolTipBackground": null,
      "ToolTipFont": null,
      "ToolTipTextColor": "",
      "BackgroundTemplate": null,
      "TextColor": "255,225,225,225",
      "HoveredTextColor": "",
      "ClickedTextColor": "",
      "DisabledTextColor": "255,90,90,90",
      "TextAlign": "Left",
      "TextPadding": "25,9,0,0",
      "AutoSizeToContents": false,
      "Font": "sourcesansproblack,12",
      "TextScale": 1.0
    },
    "CharacterNameLabel": {
      "Bounds": "68,56,178,20",
      "Padding": "0,0,0,0",
      "AlignmentEdgeDistances": "0,0,0,0",
      "AlignmentTransform": "0,0",
      "Margin": "0,0,0,0",
      "RenderColor": "255,255,255,255",
      "Alignments": "",
      "DrawBackground": true,
      "MinimumSize": "1,1",
      "MaximumSize": "4096,4096",
      "Disabled": false,
      "Hidden": false,
      "RestrictToParent": false,
      "MouseInputEnabled": false,
      "HideToolTip": false,
      "ToolTipBackground": null,
      "ToolTipFont": null,
      "ToolTipTextColor": "",
      "BackgroundTemplate": null,
      "TextColor": "255,225,225,225",
      "HoveredTextColor": "",
      "ClickedTextColor": "",
      "DisabledTextColor": "255,90,90,90",
      "TextAlign": "Center",
      "TextPadding": "0,0,0,0",
      "AutoSizeToContents": false,
      "Font": "sourcesansproblack,10",
      "TextScale": 1.0
    },
    "CharacterInfoLabel": {
      "Bounds": "68,70,178,20",
      "Padding": "0,0,0,0",
      "AlignmentEdgeDistances": "0,0,0,0",
      "AlignmentTransform": "0,0",
      "Margin": "0,0,0,0",
      "RenderColor": "255,255,255,255",
      "Alignments": "",
      "DrawBackground": true,
      "MinimumSize": "1,1",
      "MaximumSize": "4096,4096",
      "Disabled": false,
      "Hidden": false,
      "RestrictToParent": false,
      "MouseInputEnabled": false,
      "HideToolTip": false,
      "ToolTipBackground": null,
      "ToolTipFont": null,
      "ToolTipTextColor": "",
      "BackgroundTemplate": null,
      "TextColor": "255,225,225,225",
      "HoveredTextColor": "",
      "ClickedTextColor": "",
      "DisabledTextColor": "255,90,90,90",
      "TextAlign": "Center",
      "TextPadding": "0,0,0,0",
      "AutoSizeToContents": false,
      "Font": "sourcesansproblack,10",
      "TextScale": 1.0
    },
    "CharacterContainer": {
      "Bounds": "68,94,178,79",
      "Padding": "0,0,0,0",
      "AlignmentEdgeDistances": "0,0,0,0",
      "AlignmentTransform": "0,0",
      "Margin": "0,0,0,0",
      "RenderColor": "255,255,255,255",
      "Alignments": "",
      "DrawBackground": true,
      "MinimumSize": "1,1",
      "MaximumSize": "4096,4096",
      "Disabled": false,
      "Hidden": false,
      "RestrictToParent": false,
      "MouseInputEnabled": true,
      "HideToolTip": false,
      "ToolTipBackground": null,
      "ToolTipFont": null,
      "ToolTipTextColor": "",
      "Texture": "char_selection.png",
      "HoverSound": null,
      "LeftMouseClickSound": null,
      "RightMouseClickSound": null,
      "Children": {
        "NextCharacterButton": {
          "Bounds": "148,22,30,35",
          "Padding": "3,3,3,3",
          "AlignmentEdgeDistances": "0,0,0,0",
          "AlignmentTransform": "0,0",
          "Margin": "0,0,0,0",
          "RenderColor": "255,255,255,255",
          "Alignments": "",
          "DrawBackground": true,
          "MinimumSize": "1,1",
          "MaximumSize": "4096,4096",
          "Disabled": false,
          "Hidden": false,
          "RestrictToParent": false,
          "MouseInputEnabled": true,
          "HideToolTip": false,
          "ToolTipBackground": null,
          "ToolTipFont": null,
          "ToolTipTextColor": "",
          "TextColor": "0,255,255,255",
          "HoveredTextColor": "",
          "ClickedTextColor": "",
          "DisabledTextColor": "255,90,90,90",
          "TextAlign": "Center",
          "TextPadding": "3,3,3,3",
          "AutoSizeToContents": false,
          "Font": "arial,10",
          "TextScale": 1.0,
          "NormalImage": "rightarrownormal.png",
          "HoveredImage": "rightarrowhover.png",
          "ClickedImage": "rightarrowclicked.png",
          "DisabledImage": "",
          "CenterImage": false,
          "HoverSound": "octave-tap-resonant.wav",
          "MouseUpSound": "",
          "MouseDownSound": "octave-tap-warm.wav",
          "ClickSound": ""
        },
        "PreviousCharacterButton": {
          "Bounds": "0,22,30,35",
          "Padding": "3,3,3,3",
          "AlignmentEdgeDistances": "0,0,0,0",
          "AlignmentTransform": "0,0",
          "Margin": "0,0,0,0",
          "RenderColor": "255,255,255,255",
          "Alignments": "",
          "DrawBackground": true,
          "MinimumSize": "1,1",
          "MaximumSize": "4096,4096",
          "Disabled": false,
          "Hidden": false,
          "RestrictToParent": false,
          "MouseInputEnabled": true,
          "HideToolTip": false,
          "ToolTipBackground": null,
          "ToolTipFont": null,
          "ToolTipTextColor": "",
          "TextColor": "0,255,255,255",
          "HoveredTextColor": "",
          "ClickedTextColor": "",
          "DisabledTextColor": "255,90,90,90",
          "TextAlign": "Center",
          "TextPadding": "3,3,3,3",
          "AutoSizeToContents": false,
          "Font": "arial,10",
          "TextScale": 1.0,
          "NormalImage": "leftarrownormal.png",
          "HoveredImage": "leftarrowhover.png",
          "ClickedImage": "leftarrowclicked.png",
          "DisabledImage": "",
          "CenterImage": false,
          "HoverSound": "octave-tap-resonant.wav",
          "MouseUpSound": "",
          "MouseDownSound": "octave-tap-warm.wav",
          "ClickSound": ""
        }
      }
    },
    "PlayButton": {
      "Bounds": "288,56,96,35",
      "Padding": "3,3,3,3",
      "AlignmentEdgeDistances": "0,0,0,0",
      "AlignmentTransform": "0,0",
      "Margin": "0,0,0,0",
      "RenderColor": "255,255,255,255",
      "Alignments": "",
      "DrawBackground": true,
      "MinimumSize": "1,1",
      "MaximumSize": "4096,4096",
      "Disabled": false,
      "Hidden": false,
      "RestrictToParent": false,
      "MouseInputEnabled": true,
      "HideToolTip": false,
      "ToolTipBackground": null,
      "ToolTipFont": null,
      "ToolTipTextColor": "",
      "TextColor": "255,225,225,225",
      "HoveredTextColor": "255,225,225,225",
      "ClickedTextColor": "255,225,225,225",
      "DisabledTextColor": "255,225,225,225",
      "TextAlign": "Center",
      "TextPadding": "3,3,3,3",
      "AutoSizeToContents": false,
      "Font": "sourcesansproblack,12",
      "TextScale": 1.0,
      "NormalImage": "smallbutton.png",
      "HoveredImage": "smallbutton_hovered.png",
      "ClickedImage": "smallbutton_clicked.png",
      "DisabledImage": "smallbutton_disabled.png",
      "CenterImage": false,
      "HoverSound": "octave-tap-resonant.wav",
      "MouseUpSound": "",
      "MouseDownSound": "octave-tap-warm.wav",
      "ClickSound": ""
    },
    "DeleteButton": {
      "Bounds": "288,99,96,35",
      "Padding": "3,3,3,3",
      "AlignmentEdgeDistances": "0,0,0,0",
      "AlignmentTransform": "0,0",
      "Margin": "0,0,0,0",
      "RenderColor": "255,255,255,255",
      "Alignments": "",
      "DrawBackground": true,
      "MinimumSize": "1,1",
      "MaximumSize": "4096,4096",
      "Disabled": false,
      "Hidden": false,
      "RestrictToParent": false,
      "MouseInputEnabled": true,
      "HideToolTip": false,
      "ToolTipBackground": null,
      "ToolTipFont": null,
      "ToolTipTextColor": "",
      "TextColor": "255,225,225,225",
      "HoveredTextColor": "255,225,225,225",
      "ClickedTextColor": "255,225,225,225",
      "DisabledTextColor": "255,225,225,225",
      "TextAlign": "Center",
      "TextPadding": "3,3,3,3",
      "AutoSizeToContents": false,
      "Font": "sourcesansproblack,12",
      "TextScale": 1.0,
      "NormalImage": "smallbutton.png",
      "HoveredImage": "smallbutton_hovered.png",
      "ClickedImage": "smallbutton_clicked.png",
      "DisabledImage": "smallbutton_disabled.png",
      "CenterImage": false,
      "HoverSound": "octave-tap-resonant.wav",
      "MouseUpSound": "",
      "MouseDownSound": "octave-tap-warm.wav",
      "ClickSound": ""
    },
    "NewButton": {
      "Bounds": "288,56,96,35",
      "Padding": "3,3,3,3",
      "AlignmentEdgeDistances": "0,0,0,0",
      "AlignmentTransform": "0,0",
      "Margin": "0,0,0,0",
      "RenderColor": "255,255,255,255",
      "Alignments": "",
      "DrawBackground": true,
      "MinimumSize": "1,1",
      "MaximumSize": "4096,4096",
      "Disabled": false,
      "Hidden": false,
      "RestrictToParent": false,
      "MouseInputEnabled": true,
      "HideToolTip": false,
      "ToolTipBackground": null,
      "ToolTipFont": null,
      "ToolTipTextColor": "",
      "TextColor": "255,225,225,225",
      "HoveredTextColor": "255,225,225,225",
      "ClickedTextColor": "255,225,225,225",
      "DisabledTextColor": "255,225,225,225",
      "TextAlign": "Center",
      "TextPadding": "3,3,3,3",
      "AutoSizeToContents": false,
      "Font": "sourcesansproblack,12",
      "TextScale": 1.0,
      "NormalImage": "smallbutton.png",
      "HoveredImage": "smallbutton_hovered.png",
      "ClickedImage": "smallbutton_clicked.png",
      "DisabledImage": "smallbutton_disabled.png",
      "CenterImage": false,
      "HoverSound": "octave-tap-resonant.wav",
      "MouseUpSound": "",
      "MouseDownSound": "octave-tap-warm.wav",
      "ClickSound": ""
    },
    "LogoutButton": {
      "Bounds": "288,142,96,35",
      "Padding": "3,3,3,3",
      "AlignmentEdgeDistances": "0,0,0,0",
      "AlignmentTransform": "0,0",
      "Margin": "0,0,0,0",
      "RenderColor": "255,255,255,255",
      "Alignments": "",
      "DrawBackground": true,
      "MinimumSize": "1,1",
      "MaximumSize": "4096,4096",
      "Disabled": false,
      "Hidden": false,
      "RestrictToParent": false,
      "MouseInputEnabled": true,
      "HideToolTip": false,
      "ToolTipBackground": null,
      "ToolTipFont": null,
      "ToolTipTextColor": "",
      "TextColor": "255,225,225,225",
      "HoveredTextColor": "255,225,225,225",
      "ClickedTextColor": "255,225,225,225",
      "DisabledTextColor": "255,225,225,225",
      "TextAlign": "Center",
      "TextPadding": "3,3,3,3",
      "AutoSizeToContents": false,
      "Font": "sourcesansproblack,12",
      "TextScale": 1.0,
      "NormalImage": "smallbutton.png",
      "HoveredImage": "smallbutton_hovered.png",
      "ClickedImage": "smallbutton_clicked.png",
      "DisabledImage": "smallbutton_disabled.png",
      "CenterImage": false,
      "HoverSound": "octave-tap-resonant.wav",
      "MouseUpSound": "",
      "MouseDownSound": "octave-tap-warm.wav",
      "ClickSound": ""
    }
  }
}