{
  "Bounds": "174,233,452,198",
  "Padding": "0,0,0,0",
  "AlignmentEdgeDistances": "0,0,0,0",
  "AlignmentTransform": "0,32",
  "Margin": "0,0,0,0",
  "RenderColor": "255,255,255,255",
  "Alignments": "Center",
  "DrawBackground": true,
  "MinimumSize": "1,1",
  "MaximumSize": "4096,4096",
  "Disabled": false,
  "Hidden": true,
  "RestrictToParent": true,
  "MouseInputEnabled": true,
  "HideToolTip": false,
  "ToolTipBackground": null,
  "ToolTipFont": null,
  "ToolTipTextColor": "",
  "Texture": "createchar_window.png",
  "HoverSound": null,
  "LeftMouseClickSound": null,
  "RightMouseClickSound": null,
  "Children": {
    "CharacterCreationHeader": {
      "Bounds": "0,0,452,393",
      "Padding": "0,0,0,0",
      "AlignmentEdgeDistances": "0,0,0,0",
      "AlignmentTransform": "0,0",
      "Margin": "0,0,0,0",
      "RenderColor": "255,255,255,255",
      "Alignments": "",
      "DrawBackground": true,
      "MinimumSize": "1,1",
      "MaximumSize": "4096,4096",
      "Disabled": false,
      "Hidden": false,
      "RestrictToParent": false,
      "MouseInputEnabled": false,
      "HideToolTip": false,
      "ToolTipBackground": null,
      "ToolTipFont": null,
      "ToolTipTextColor": "",
      "BackgroundTemplate": null,
      "TextColor": "255,225,225,225",
      "HoveredTextColor": "",
      "ClickedTextColor": "",
      "DisabledTextColor": "255,90,90,90",
      "TextAlign": "Left",
      "TextPadding": "25,9,0,0",
      "AutoSizeToContents": false,
      "Font": "sourcesansproblack,12",
      "TextScale": 1.0
    },
    "CharacterNamePanel": {
      "Bounds": "228,56,216,28",
      "Padding": "0,0,0,0",
      "AlignmentEdgeDistances": "0,0,0,0",
      "AlignmentTransform": "0,0",
      "Margin": "0,0,0,0",
      "RenderColor": "255,200,200,200",
      "Alignments": "",
      "DrawBackground": true,
      "MinimumSize": "1,1",
      "MaximumSize": "4096,4096",
      "Disabled": false,
      "Hidden": false,
      "RestrictToParent": false,
      "MouseInputEnabled": true,
      "HideToolTip": false,
      "ToolTipBackground": null,
      "ToolTipFont": null,
      "ToolTipTextColor": "",
      "Texture": "inputfield_newchar.png",
      "HoverSound": null,
      "LeftMouseClickSound": null,
      "RightMouseClickSound": null,
      "Children": {
        "CharacterNameLabel": {
          "Bounds": "0,-4,176,20",
          "Padding": "0,0,0,0",
          "AlignmentEdgeDistances": "0,0,0,0",
          "AlignmentTransform": "0,0",
          "Margin": "0,0,0,0",
          "RenderColor": "255,255,255,255",
          "Alignments": "",
          "DrawBackground": true,
          "MinimumSize": "1,1",
          "MaximumSize": "4096,4096",
          "Disabled": false,
          "Hidden": false,
          "RestrictToParent": false,
          "MouseInputEnabled": false,
          "HideToolTip": false,
          "ToolTipBackground": null,
          "ToolTipFont": null,
          "ToolTipTextColor": "",
          "BackgroundTemplate": null,
          "TextColor": "255,255,255,255",
          "HoveredTextColor": "",
          "ClickedTextColor": "",
          "DisabledTextColor": "255,90,90,90",
          "TextAlign": "Left",
          "TextPadding": "0,0,0,10",
          "AutoSizeToContents": false,
          "Font": "sourcesansproblack,10",
          "TextScale": 1.0
        },
        "CharacterNameField": {
          "Bounds": "4,10,216,16",
          "Padding": "4,0,4,2",
          "AlignmentEdgeDistances": "0,0,0,0",
          "AlignmentTransform": "0,0",
          "Margin": "0,0,0,0",
          "RenderColor": "255,255,255,255",
          "Alignments": "",
          "DrawBackground": false,
          "MinimumSize": "1,1",
          "MaximumSize": "4096,4096",
          "Disabled": false,
          "Hidden": false,
          "RestrictToParent": false,
          "MouseInputEnabled": true,
          "HideToolTip": false,
          "ToolTipBackground": null,
          "ToolTipFont": null,
          "ToolTipTextColor": "",
          "TextColor": "255,220,220,220",
          "HoveredTextColor": "",
          "ClickedTextColor": "",
          "DisabledTextColor": "255,90,90,90",
          "TextAlign": "Left, CenterV",
          "TextPadding": "0,0,0,0",
          "AutoSizeToContents": false,
          "Font": "sourcesansproblack,10",
          "TextScale": 1.0,
          "AddTextSound": "octave-tap-resonant.wav",
          "RemoveTextSound": "octave-tap-professional.wav",
          "SubmitSound": "octave-tap-warm.wav"
        }
      }
    },
    "ClassPanel": {
      "Bounds": "228,92,216,28",
      "Padding": "0,0,0,0",
      "AlignmentEdgeDistances": "0,0,0,0",
      "AlignmentTransform": "0,0",
      "Margin": "0,0,0,0",
      "RenderColor": "255,200,200,200",
      "Alignments": "",
      "DrawBackground": true,
      "MinimumSize": "1,1",
      "MaximumSize": "4096,4096",
      "Disabled": false,
      "Hidden": false,
      "RestrictToParent": false,
      "MouseInputEnabled": true,
      "HideToolTip": false,
      "ToolTipBackground": null,
      "ToolTipFont": null,
      "ToolTipTextColor": "",
      "Texture": "inputfield_newchar.png",
      "HoverSound": null,
      "LeftMouseClickSound": null,
      "RightMouseClickSound": null,
      "Children": {
        "ClassLabel": {
          "Bounds": "0,-4,176,20",
          "Padding": "0,0,0,0",
          "AlignmentEdgeDistances": "0,0,0,0",
          "AlignmentTransform": "0,0",
          "Margin": "0,0,0,0",
          "RenderColor": "255,255,255,255",
          "Alignments": "",
          "DrawBackground": true,
          "MinimumSize": "1,1",
          "MaximumSize": "4096,4096",
          "Disabled": false,
          "Hidden": false,
          "RestrictToParent": false,
          "MouseInputEnabled": false,
          "HideToolTip": false,
          "ToolTipBackground": null,
          "ToolTipFont": null,
          "ToolTipTextColor": "",
          "BackgroundTemplate": null,
          "TextColor": "255,255,254,254",
          "HoveredTextColor": "",
          "ClickedTextColor": "",
          "DisabledTextColor": "255,90,90,90",
          "TextAlign": "Left",
          "TextPadding": "0,0,0,10",
          "AutoSizeToContents": false,
          "Font": "sourcesansproblack,10",
          "TextScale": 1.0
        },
        "ClassCombobox": {
          "Bounds": "0,10,216,16",
          "Padding": "0,0,0,0",
          "AlignmentEdgeDistances": "0,0,0,0",
          "AlignmentTransform": "0,0",
          "Margin": "0,0,0,0",
          "RenderColor": "255,255,255,255",
          "Alignments": "",
          "DrawBackground": false,
          "MinimumSize": "1,1",
          "MaximumSize": "4096,4096",
          "Disabled": false,
          "Hidden": false,
          "RestrictToParent": false,
          "MouseInputEnabled": true,
          "HideToolTip": false,
          "ToolTipBackground": null,
          "ToolTipFont": null,
          "ToolTipTextColor": "",
          "TextColor": "255,200,200,200",
          "HoveredTextColor": "255,220,220,220",
          "ClickedTextColor": "",
          "DisabledTextColor": "255,90,90,90",
          "TextAlign": "Left",
          "TextPadding": "4,0,4,0",
          "AutoSizeToContents": false,
          "Font": "sourcesansproblack,10",
          "TextScale": 1.0,
          "NormalImage": "",
          "HoveredImage": "",
          "ClickedImage": "",
          "DisabledImage": "",
          "CenterImage": false,
          "MenuAbove": false,
          "Menu": {
            "Bounds": "0,0,190,16",
            "Padding": "2,2,2,2",
            "AlignmentEdgeDistances": "0,0,0,0",
            "AlignmentTransform": "0,0",
            "Margin": "0,0,0,0",
            "RenderColor": "255,255,255,255",
            "Alignments": "",
            "DrawBackground": true,
            "MinimumSize": "1,1",
            "MaximumSize": "260,200",
            "Disabled": false,
            "Hidden": true,
            "RestrictToParent": false,
            "MouseInputEnabled": false,
            "HideToolTip": false,
            "ToolTipBackground": null,
            "ToolTipFont": null,
            "ToolTipTextColor": "",
            "CanScrollH": false,
            "CanScrollV": true,
            "AutoHideBars": true,
            "InnerPanel": {
              "Bounds": "0,0,10,10",
              "Padding": "0,0,0,0",
              "AlignmentEdgeDistances": "0,0,0,0",
              "AlignmentTransform": "0,0",
              "Margin": "5,5,5,5",
              "RenderColor": "255,255,255,255",
              "Alignments": "",
              "DrawBackground": true,
              "MinimumSize": "1,1",
              "MaximumSize": "4096,4096",
              "Disabled": false,
              "Hidden": false,
              "RestrictToParent": false,
              "MouseInputEnabled": false,
              "HideToolTip": false,
              "ToolTipBackground": null,
              "ToolTipFont": null,
              "ToolTipTextColor": ""
            },
            "HorizontalScrollBar": {
              "Bounds": "0,0,15,15",
              "Padding": "0,0,0,0",
              "AlignmentEdgeDistances": "0,0,0,0",
              "AlignmentTransform": "0,0",
              "Margin": "0,0,0,0",
              "RenderColor": "255,255,255,255",
              "Alignments": "",
              "DrawBackground": true,
              "MinimumSize": "1,1",
              "MaximumSize": "4096,4096",
              "Disabled": false,
              "Hidden": true,
              "RestrictToParent": false,
              "MouseInputEnabled": true,
              "HideToolTip": false,
              "ToolTipBackground": null,
              "ToolTipFont": null,
              "ToolTipTextColor": "",
              "BackgroundTemplate": null,
              "UpOrLeftButton": {
                "Bounds": "0,0,100,20",
                "Padding": "3,3,3,3",
                "AlignmentEdgeDistances": "0,0,0,0",
                "AlignmentTransform": "0,0",
                "Margin": "0,0,0,0",
                "RenderColor": "255,255,255,255",
                "Alignments": "",
                "DrawBackground": true,
                "MinimumSize": "1,1",
                "MaximumSize": "4096,4096",
                "Disabled": false,
                "Hidden": false,
                "RestrictToParent": false,
                "MouseInputEnabled": true,
                "HideToolTip": false,
                "ToolTipBackground": null,
                "ToolTipFont": null,
                "ToolTipTextColor": "",
                "TextColor": "0,255,255,255",
                "HoveredTextColor": "",
                "ClickedTextColor": "",
                "DisabledTextColor": "255,90,90,90",
                "TextAlign": "Center",
                "TextPadding": "3,3,3,3",
                "AutoSizeToContents": false,
                "Font": "arial,10",
                "TextScale": 1.0,
                "NormalImage": "",
                "HoveredImage": "",
                "ClickedImage": "",
                "DisabledImage": "",
                "CenterImage": false,
                "HoverSound": "octave-tap-resonant.wav",
                "MouseUpSound": "",
                "MouseDownSound": "octave-tap-warm.wav",
                "ClickSound": ""
              },
              "Bar": {
                "Bounds": "0,0,10,10",
                "Padding": "0,0,0,0",
                "AlignmentEdgeDistances": "0,0,0,0",
                "AlignmentTransform": "0,0",
                "Margin": "0,0,0,0",
                "RenderColor": "255,255,255,255",
                "Alignments": "",
                "DrawBackground": true,
                "MinimumSize": "1,1",
                "MaximumSize": "4096,4096",
                "Disabled": false,
                "Hidden": false,
                "RestrictToParent": true,
                "MouseInputEnabled": true,
                "HideToolTip": false,
                "ToolTipBackground": null,
                "ToolTipFont": null,
                "ToolTipTextColor": "",
                "NormalImage": "",
                "HoveredImage": "",
                "ClickedImage": "",
                "DisabledImage": "",
                "HoverSound": "octave-tap-resonant.wav",
                "MouseUpSound": "octave-tap-professional.wav",
                "MouseDownSound": "octave-tap-professional.wav"
              },
              "DownOrRightButton": {
                "Bounds": "0,0,100,20",
                "Padding": "3,3,3,3",
                "AlignmentEdgeDistances": "0,0,0,0",
                "AlignmentTransform": "0,0",
                "Margin": "0,0,0,0",
                "RenderColor": "255,255,255,255",
                "Alignments": "",
                "DrawBackground": true,
                "MinimumSize": "1,1",
                "MaximumSize": "4096,4096",
                "Disabled": false,
                "Hidden": false,
                "RestrictToParent": false,
                "MouseInputEnabled": true,
                "HideToolTip": false,
                "ToolTipBackground": null,
                "ToolTipFont": null,
                "ToolTipTextColor": "",
                "TextColor": "0,255,255,255",
                "HoveredTextColor": "",
                "ClickedTextColor": "",
                "DisabledTextColor": "255,90,90,90",
                "TextAlign": "Center",
                "TextPadding": "3,3,3,3",
                "AutoSizeToContents": false,
                "Font": "arial,10",
                "TextScale": 1.0,
                "NormalImage": "",
                "HoveredImage": "",
                "ClickedImage": "",
                "DisabledImage": "",
                "CenterImage": false,
                "HoverSound": "octave-tap-resonant.wav",
                "MouseUpSound": "",
                "MouseDownSound": "octave-tap-warm.wav",
                "ClickSound": ""
              }
            },
            "VerticalScrollBar": {
              "Bounds": "0,0,15,15",
              "Padding": "0,0,0,0",
              "AlignmentEdgeDistances": "0,0,0,0",
              "AlignmentTransform": "0,0",
              "Margin": "0,0,0,0",
              "RenderColor": "255,255,255,255",
              "Alignments": "",
              "DrawBackground": true,
              "MinimumSize": "1,1",
              "MaximumSize": "4096,4096",
              "Disabled": false,
              "Hidden": false,
              "RestrictToParent": false,
              "MouseInputEnabled": true,
              "HideToolTip": false,
              "ToolTipBackground": null,
              "ToolTipFont": null,
              "ToolTipTextColor": "",
              "BackgroundTemplate": "scrollbarbg.png",
              "UpOrLeftButton": {
                "Bounds": "0,0,100,20",
                "Padding": "3,3,3,3",
                "AlignmentEdgeDistances": "0,0,0,0",
                "AlignmentTransform": "0,0",
                "Margin": "0,0,0,0",
                "RenderColor": "255,255,255,255",
                "Alignments": "",
                "DrawBackground": true,
                "MinimumSize": "1,1",
                "MaximumSize": "4096,4096",
                "Disabled": false,
                "Hidden": false,
                "RestrictToParent": false,
                "MouseInputEnabled": true,
                "HideToolTip": false,
                "ToolTipBackground": null,
                "ToolTipFont": null,
                "ToolTipTextColor": "",
                "TextColor": "0,255,255,255",
                "HoveredTextColor": "",
                "ClickedTextColor": "",
                "DisabledTextColor": "255,90,90,90",
                "TextAlign": "Center",
                "TextPadding": "3,3,3,3",
                "AutoSizeToContents": false,
                "Font": "arial,10",
                "TextScale": 1.0,
                "NormalImage": "uparrownormal.png",
                "HoveredImage": "uparrowhover.png",
                "ClickedImage": "uparrowclicked.png",
                "DisabledImage": "",
                "CenterImage": false,
                "HoverSound": "octave-tap-resonant.wav",
                "MouseUpSound": "",
                "MouseDownSound": "octave-tap-warm.wav",
                "ClickSound": ""
              },
              "Bar": {
                "Bounds": "0,0,10,10",
                "Padding": "0,0,0,0",
                "AlignmentEdgeDistances": "0,0,0,0",
                "AlignmentTransform": "0,0",
                "Margin": "0,0,0,0",
                "RenderColor": "255,255,255,255",
                "Alignments": "",
                "DrawBackground": true,
                "MinimumSize": "1,1",
                "MaximumSize": "4096,4096",
                "Disabled": false,
                "Hidden": true,
                "RestrictToParent": true,
                "MouseInputEnabled": true,
                "HideToolTip": false,
                "ToolTipBackground": null,
                "ToolTipFont": null,
                "ToolTipTextColor": "",
                "NormalImage": "scrollbarnormal.png",
                "HoveredImage": "scrollbarhover.png",
                "ClickedImage": "scrollbarclicked.png",
                "DisabledImage": "",
                "HoverSound": "octave-tap-resonant.wav",
                "MouseUpSound": "octave-tap-professional.wav",
                "MouseDownSound": "octave-tap-professional.wav"
              },
              "DownOrRightButton": {
                "Bounds": "0,0,100,20",
                "Padding": "3,3,3,3",
                "AlignmentEdgeDistances": "0,0,0,0",
                "AlignmentTransform": "0,0",
                "Margin": "0,0,0,0",
                "RenderColor": "255,255,255,255",
                "Alignments": "",
                "DrawBackground": true,
                "MinimumSize": "1,1",
                "MaximumSize": "4096,4096",
                "Disabled": false,
                "Hidden": false,
                "RestrictToParent": false,
                "MouseInputEnabled": true,
                "HideToolTip": false,
                "ToolTipBackground": null,
                "ToolTipFont": null,
                "ToolTipTextColor": "",
                "TextColor": "0,255,255,255",
                "HoveredTextColor": "",
                "ClickedTextColor": "",
                "DisabledTextColor": "255,90,90,90",
                "TextAlign": "Center",
                "TextPadding": "3,3,3,3",
                "AutoSizeToContents": false,
                "Font": "arial,10",
                "TextScale": 1.0,
                "NormalImage": "downarrownormal.png",
                "HoveredImage": "downarrowhover.png",
                "ClickedImage": "downarrowclicked.png",
                "DisabledImage": "",
                "CenterImage": false,
                "HoverSound": "octave-tap-resonant.wav",
                "MouseUpSound": "",
                "MouseDownSound": "octave-tap-warm.wav",
                "ClickSound": ""
              }
            },
            "BackgroundTemplate": "dropdownbg.png",
            "ItemTextColor": "255,200,200,200",
            "ItemHoveredTextColor": "255,240,240,240",
            "ItemFont": "sourcesansproblack,10"
          },
          "DropDownButton": {
            "Bounds": "0,0,15,15",
            "Padding": "0,0,0,0",
            "AlignmentEdgeDistances": "0,0,0,0",
            "AlignmentTransform": "0,0",
            "Margin": "0,0,0,0",
            "RenderColor": "255,255,255,255",
            "Alignments": "",
            "DrawBackground": true,
            "MinimumSize": "1,1",
            "MaximumSize": "4096,4096",
            "Disabled": false,
            "Hidden": false,
            "RestrictToParent": false,
            "MouseInputEnabled": false,
            "HideToolTip": false,
            "ToolTipBackground": null,
            "ToolTipFont": null,
            "ToolTipTextColor": ""
          },
          "OpenMenuSound": "octave-tap-warm.wav",
          "CloseMenuSound": "octave-beep-tapped.wav",
          "HoverMenuSound": "octave-tap-resonant.wav",
          "ItemHoverSound": "octave-tap-resonant.wav",
          "SelectItemSound": "octave-tap-warm.wav"
        }
      }
    },
    "HintLabel": {
      "Bounds": "16,56,178,20",
      "Padding": "0,0,0,0",
      "AlignmentEdgeDistances": "0,0,0,0",
      "AlignmentTransform": "0,0",
      "Margin": "0,0,0,0",
      "RenderColor": "255,255,255,255",
      "Alignments": "",
      "DrawBackground": true,
      "MinimumSize": "1,1",
      "MaximumSize": "4096,4096",
      "Disabled": false,
      "Hidden": false,
      "RestrictToParent": false,
      "MouseInputEnabled": false,
      "HideToolTip": false,
      "ToolTipBackground": null,
      "ToolTipFont": null,
      "ToolTipTextColor": "",
      "BackgroundTemplate": null,
      "TextColor": "255,225,225,225",
      "HoveredTextColor": "",
      "ClickedTextColor": "",
      "DisabledTextColor": "255,90,90,90",
      "TextAlign": "Center",
      "TextPadding": "0,0,0,0",
      "AutoSizeToContents": false,
      "Font": "sourcesansproblack,10",
      "TextScale": 1.0
    },
    "Hint2Label": {
      "Bounds": "16,70,178,20",
      "Padding": "0,0,0,0",
      "AlignmentEdgeDistances": "0,0,0,0",
      "AlignmentTransform": "0,0",
      "Margin": "0,0,0,0",
      "RenderColor": "255,255,255,255",
      "Alignments": "",
      "DrawBackground": true,
      "MinimumSize": "1,1",
      "MaximumSize": "4096,4096",
      "Disabled": false,
      "Hidden": false,
      "RestrictToParent": false,
      "MouseInputEnabled": false,
      "HideToolTip": false,
      "ToolTipBackground": null,
      "ToolTipFont": null,
      "ToolTipTextColor": "",
      "BackgroundTemplate": null,
      "TextColor": "255,225,225,225",
      "HoveredTextColor": "",
      "ClickedTextColor": "",
      "DisabledTextColor": "255,90,90,90",
      "TextAlign": "Center",
      "TextPadding": "0,0,0,0",
      "AutoSizeToContents": false,
      "Font": "sourcesansproblack,10",
      "TextScale": 1.0
    },
    "CharacterContainer": {
      "Bounds": "16,100,178,79",
      "Padding": "0,0,0,0",
      "AlignmentEdgeDistances": "0,0,0,0",
      "AlignmentTransform": "0,0",
      "Margin": "0,0,0,0",
      "RenderColor": "255,255,255,255",
      "Alignments": "",
      "DrawBackground": true,
      "MinimumSize": "1,1",
      "MaximumSize": "4096,4096",
      "Disabled": false,
      "Hidden": false,
      "RestrictToParent": false,
      "MouseInputEnabled": true,
      "HideToolTip": false,
      "ToolTipBackground": null,
      "ToolTipFont": null,
      "ToolTipTextColor": "",
      "Texture": "char_selection.png",
      "HoverSound": null,
      "LeftMouseClickSound": null,
      "RightMouseClickSound": null,
      "Children": {
        "CharacterPortait": {
          "Bounds": "65,15,48,48",
          "Padding": "0,0,0,0",
          "AlignmentEdgeDistances": "0,0,0,0",
          "AlignmentTransform": "0,0",
          "Margin": "0,0,0,0",
          "RenderColor": "255,255,255,255",
          "Alignments": "Center",
          "DrawBackground": true,
          "MinimumSize": "1,1",
          "MaximumSize": "4096,4096",
          "Disabled": false,
          "Hidden": false,
          "RestrictToParent": false,
          "MouseInputEnabled": true,
          "HideToolTip": false,
          "ToolTipBackground": null,
          "ToolTipFont": null,
          "ToolTipTextColor": "",
          "Texture": "",
          "HoverSound": null,
          "LeftMouseClickSound": null,
          "RightMouseClickSound": null
        },
        "NextSpriteButton": {
          "Bounds": "148,22,30,35",
          "Padding": "3,3,3,3",
          "AlignmentEdgeDistances": "0,0,0,0",
          "AlignmentTransform": "0,0",
          "Margin": "0,0,0,0",
          "RenderColor": "255,255,255,255",
          "Alignments": "",
          "DrawBackground": true,
          "MinimumSize": "1,1",
          "MaximumSize": "4096,4096",
          "Disabled": false,
          "Hidden": false,
          "RestrictToParent": false,
          "MouseInputEnabled": true,
          "HideToolTip": false,
          "ToolTipBackground": null,
          "ToolTipFont": null,
          "ToolTipTextColor": "",
          "TextColor": "0,255,255,255",
          "HoveredTextColor": "",
          "ClickedTextColor": "",
          "DisabledTextColor": "255,90,90,90",
          "TextAlign": "Center",
          "TextPadding": "3,3,3,3",
          "AutoSizeToContents": false,
          "Font": "arial,10",
          "TextScale": 1.0,
          "NormalImage": "rightarrownormal.png",
          "HoveredImage": "rightarrowhover.png",
          "ClickedImage": "rightarrowclicked.png",
          "DisabledImage": "",
          "CenterImage": false,
          "HoverSound": "octave-tap-resonant.wav",
          "MouseUpSound": "",
          "MouseDownSound": "octave-tap-warm.wav",
          "ClickSound": ""
        },
        "PreviousSpriteButton": {
          "Bounds": "0,22,30,35",
          "Padding": "3,3,3,3",
          "AlignmentEdgeDistances": "0,0,0,0",
          "AlignmentTransform": "0,0",
          "Margin": "0,0,0,0",
          "RenderColor": "255,255,255,255",
          "Alignments": "",
          "DrawBackground": true,
          "MinimumSize": "1,1",
          "MaximumSize": "4096,4096",
          "Disabled": false,
          "Hidden": false,
          "RestrictToParent": false,
          "MouseInputEnabled": true,
          "HideToolTip": false,
          "ToolTipBackground": null,
          "ToolTipFont": null,
          "ToolTipTextColor": "",
          "TextColor": "0,255,255,255",
          "HoveredTextColor": "",
          "ClickedTextColor": "",
          "DisabledTextColor": "255,90,90,90",
          "TextAlign": "Center",
          "TextPadding": "3,3,3,3",
          "AutoSizeToContents": false,
          "Font": "arial,10",
          "TextScale": 1.0,
          "NormalImage": "leftarrownormal.png",
          "HoveredImage": "leftarrowhover.png",
          "ClickedImage": "leftarrowclicked.png",
          "DisabledImage": "",
          "CenterImage": false,
          "HoverSound": "octave-tap-resonant.wav",
          "MouseUpSound": "",
          "MouseDownSound": "octave-tap-warm.wav",
          "ClickSound": ""
        }
      }
    },
    "GenderPanel": {
      "Bounds": "228,124,459,30",
      "Padding": "0,0,0,0",
      "AlignmentEdgeDistances": "0,0,0,0",
      "AlignmentTransform": "0,0",
      "Margin": "0,0,0,0",
      "RenderColor": "255,255,255,255",
      "Alignments": "",
      "DrawBackground": true,
      "MinimumSize": "1,1",
      "MaximumSize": "4096,4096",
      "Disabled": false,
      "Hidden": false,
      "RestrictToParent": false,
      "MouseInputEnabled": true,
      "HideToolTip": false,
      "ToolTipBackground": null,
      "ToolTipFont": null,
      "ToolTipTextColor": "",
      "Texture": "",
      "HoverSound": null,
      "LeftMouseClickSound": null,
      "RightMouseClickSound": null,
      "Children": {
        "GenderLabel": {
          "Bounds": "0,6,178,60",
          "Padding": "0,0,0,0",
          "AlignmentEdgeDistances": "0,0,0,0",
          "AlignmentTransform": "0,0",
          "Margin": "0,0,0,0",
          "RenderColor": "255,255,255,255",
          "Alignments": "",
          "DrawBackground": true,
          "MinimumSize": "1,1",
          "MaximumSize": "4096,4096",
          "Disabled": false,
          "Hidden": false,
          "RestrictToParent": false,
          "MouseInputEnabled": false,
          "HideToolTip": false,
          "ToolTipBackground": null,
          "ToolTipFont": null,
          "ToolTipTextColor": "",
          "BackgroundTemplate": null,
          "TextColor": "255,255,255,255",
          "HoveredTextColor": "",
          "ClickedTextColor": "",
          "DisabledTextColor": "255,90,90,90",
          "TextAlign": "Left",
          "TextPadding": "0,0,0,10",
          "AutoSizeToContents": false,
          "Font": "sourcesansproblack,10",
          "TextScale": 1.0
        },
        "MaleCheckbox": {
          "Bounds": "74,0,80,24",
          "Padding": "0,0,0,0",
          "AlignmentEdgeDistances": "0,0,0,0",
          "AlignmentTransform": "0,0",
          "Margin": "0,0,0,0",
          "RenderColor": "255,255,255,255",
          "Alignments": "",
          "DrawBackground": true,
          "MinimumSize": "1,1",
          "MaximumSize": "4096,4096",
          "Disabled": false,
          "Hidden": false,
          "RestrictToParent": false,
          "MouseInputEnabled": true,
          "HideToolTip": false,
          "ToolTipBackground": null,
          "ToolTipFont": null,
          "ToolTipTextColor": "",
          "Label": {
            "Bounds": "0,6,28,16",
            "Padding": "0,0,0,0",
            "AlignmentEdgeDistances": "0,0,0,0",
            "AlignmentTransform": "0,0",
            "Margin": "0,0,0,0",
            "RenderColor": "255,255,255,255",
            "Alignments": "",
            "DrawBackground": true,
            "MinimumSize": "1,1",
            "MaximumSize": "4096,4096",
            "Disabled": false,
            "Hidden": false,
            "RestrictToParent": false,
            "MouseInputEnabled": true,
            "HideToolTip": false,
            "ToolTipBackground": null,
            "ToolTipFont": null,
            "ToolTipTextColor": "",
            "BackgroundTemplate": null,
            "TextColor": "255,225,225,225",
            "HoveredTextColor": "255,225,225,225",
            "ClickedTextColor": "",
            "DisabledTextColor": "255,90,90,90",
            "TextAlign": "Right",
            "TextPadding": "0,0,0,0",
            "AutoSizeToContents": true,
            "Font": "sourcesansproblack,10",
            "TextScale": 1.0
          },
          "Checkbox": {
            "Bounds": "32,0,24,25",
            "Padding": "3,3,3,3",
            "AlignmentEdgeDistances": "0,0,0,0",
            "AlignmentTransform": "0,0",
            "Margin": "0,0,12,2",
            "RenderColor": "255,255,255,255",
            "Alignments": "",
            "DrawBackground": true,
            "MinimumSize": "1,1",
            "MaximumSize": "4096,4096",
            "Disabled": false,
            "Hidden": false,
            "RestrictToParent": false,
            "MouseInputEnabled": true,
            "HideToolTip": false,
            "ToolTipBackground": null,
            "ToolTipFont": null,
            "ToolTipTextColor": "",
            "TextColor": "0,255,255,255",
            "HoveredTextColor": "",
            "ClickedTextColor": "",
            "DisabledTextColor": "255,90,90,90",
            "TextAlign": "Right",
            "TextPadding": "3,3,3,3",
            "AutoSizeToContents": false,
            "Font": "arial,10",
            "TextScale": 1.0,
            "CenterImage": false,
            "HoverSound": null,
            "MouseUpSound": null,
            "MouseDownSound": null,
            "ClickSound": null,
            "NormalImage": "checkboxempty.png",
            "CheckedImage": "checkboxfull.png",
            "DisabledImage": "",
            "CheckedDisabledImage": "",
            "CheckedSound": "octave-tap-warm.wav",
            "UncheckedSound": "octave-tap-resonant.wav"
          }
        },
        "FemaleCheckbox": {
          "Bounds": "146,0,100,24",
          "Padding": "0,0,0,0",
          "AlignmentEdgeDistances": "0,0,0,0",
          "AlignmentTransform": "0,0",
          "Margin": "0,0,0,0",
          "RenderColor": "255,255,255,255",
          "Alignments": "",
          "DrawBackground": true,
          "MinimumSize": "1,1",
          "MaximumSize": "4096,4096",
          "Disabled": false,
          "Hidden": false,
          "RestrictToParent": false,
          "MouseInputEnabled": true,
          "HideToolTip": false,
          "ToolTipBackground": null,
          "ToolTipFont": null,
          "ToolTipTextColor": "",
          "Label": {
            "Bounds": "0,6,43,16",
            "Padding": "0,0,0,0",
            "AlignmentEdgeDistances": "0,0,0,0",
            "AlignmentTransform": "0,0",
            "Margin": "0,0,0,0",
            "RenderColor": "255,255,255,255",
            "Alignments": "",
            "DrawBackground": true,
            "MinimumSize": "1,1",
            "MaximumSize": "4096,4096",
            "Disabled": false,
            "Hidden": false,
            "RestrictToParent": false,
            "MouseInputEnabled": true,
            "HideToolTip": false,
            "ToolTipBackground": null,
            "ToolTipFont": null,
            "ToolTipTextColor": "",
            "BackgroundTemplate": null,
            "TextColor": "255,225,225,225",
            "HoveredTextColor": "255,225,225,225",
            "ClickedTextColor": "",
            "DisabledTextColor": "255,90,90,90",
            "TextAlign": "Right",
            "TextPadding": "0,0,0,0",
            "AutoSizeToContents": true,
            "Font": "sourcesansproblack,10",
            "TextScale": 1.0
          },
          "Checkbox": {
            "Bounds": "48,0,24,25",
            "Padding": "3,3,3,3",
            "AlignmentEdgeDistances": "0,0,0,0",
            "AlignmentTransform": "0,0",
            "Margin": "0,0,12,2",
            "RenderColor": "255,255,255,255",
            "Alignments": "",
            "DrawBackground": true,
            "MinimumSize": "1,1",
            "MaximumSize": "4096,4096",
            "Disabled": false,
            "Hidden": false,
            "RestrictToParent": false,
            "MouseInputEnabled": true,
            "HideToolTip": false,
            "ToolTipBackground": null,
            "ToolTipFont": null,
            "ToolTipTextColor": "",
            "TextColor": "0,255,255,255",
            "HoveredTextColor": "",
            "ClickedTextColor": "",
            "DisabledTextColor": "255,90,90,90",
            "TextAlign": "Right",
            "TextPadding": "3,3,3,3",
            "AutoSizeToContents": false,
            "Font": "arial,10",
            "TextScale": 1.0,
            "CenterImage": false,
            "HoverSound": null,
            "MouseUpSound": null,
            "MouseDownSound": null,
            "ClickSound": null,
            "NormalImage": "checkboxempty.png",
            "CheckedImage": "checkboxfull.png",
            "DisabledImage": "",
            "CheckedDisabledImage": "",
            "CheckedSound": "octave-tap-warm.wav",
            "UncheckedSound": "octave-tap-resonant.wav"
          }
        }
      }
    },
    "CreateButton": {
      "Bounds": "223,158,96,35",
      "Padding": "3,3,3,3",
      "AlignmentEdgeDistances": "0,0,0,0",
      "AlignmentTransform": "0,0",
      "Margin": "0,0,0,0",
      "RenderColor": "255,255,255,255",
      "Alignments": "",
      "DrawBackground": true,
      "MinimumSize": "1,1",
      "MaximumSize": "4096,4096",
      "Disabled": false,
      "Hidden": false,
      "RestrictToParent": false,
      "MouseInputEnabled": true,
      "HideToolTip": false,
      "ToolTipBackground": null,
      "ToolTipFont": null,
      "ToolTipTextColor": "",
      "TextColor": "255,225,225,225",
      "HoveredTextColor": "255,225,225,225",
      "ClickedTextColor": "255,225,225,225",
      "DisabledTextColor": "255,225,225,225",
      "TextAlign": "Center",
      "TextPadding": "3,3,3,3",
      "AutoSizeToContents": false,
      "Font": "sourcesansproblack,12",
      "TextScale": 1.0,
      "NormalImage": "smallbutton.png",
      "HoveredImage": "smallbutton_hovered.png",
      "ClickedImage": "smallbutton_clicked.png",
      "DisabledImage": "smallbutton_disabled.png",
      "CenterImage": false,
      "HoverSound": "octave-tap-resonant.wav",
      "MouseUpSound": "",
      "MouseDownSound": "octave-tap-warm.wav",
      "ClickSound": ""
    },
    "BackButton": {
      "Bounds": "353,158,96,35",
      "Padding": "3,3,3,3",
      "AlignmentEdgeDistances": "0,0,0,0",
      "AlignmentTransform": "0,0",
      "Margin": "0,0,0,0",
      "RenderColor": "255,255,255,255",
      "Alignments": "",
      "DrawBackground": true,
      "MinimumSize": "1,1",
      "MaximumSize": "4096,4096",
      "Disabled": false,
      "Hidden": false,
      "RestrictToParent": false,
      "MouseInputEnabled": true,
      "HideToolTip": false,
      "ToolTipBackground": null,
      "ToolTipFont": null,
      "ToolTipTextColor": "",
      "TextColor": "255,225,225,225",
      "HoveredTextColor": "255,225,225,225",
      "ClickedTextColor": "255,225,225,225",
      "DisabledTextColor": "255,225,225,225",
      "TextAlign": "Center",
      "TextPadding": "3,3,3,3",
      "AutoSizeToContents": false,
      "Font": "sourcesansproblack,12",
      "TextScale": 1.0,
      "NormalImage": "smallbutton.png",
      "HoveredImage": "smallbutton_hovered.png",
      "ClickedImage": "smallbutton_clicked.png",
      "DisabledImage": "smallbutton_disabled.png",
      "CenterImage": false,
      "HoverSound": "octave-tap-resonant.wav",
      "MouseUpSound": "",
      "MouseDownSound": "octave-beep-tapped.wav",
      "ClickSound": ""
    }
  }
}