{
  "Bounds": "457,317,452,198",
  "Padding": "0,0,0,0",
  "AlignmentEdgeDistances": "0,0,0,0",
  "AlignmentTransform": "0,32",
  "Margin": "0,0,0,0",
  "RenderColor": "255,255,255,255",
  "Alignments": "Center",
  "DrawBackground": true,
  "MinimumSize": "100,40",
  "MaximumSize": "4096,4096",
  "Disabled": false,
  "Hidden": false,
  "RestrictToParent": false,
  "MouseInputEnabled": true,
  "HideToolTip": false,
  "ToolTipBackground": null,
  "ToolTipFont": null,
  "ToolTipTextColor": "",
  "ClampMovement": true,
  "ActiveImage": "error_window.png",
  "InactiveImage": "",
  "ActiveColor": "255,255,255,255",
  "InactiveColor": "",
  "Closable": false,
  "Titlebar": {
    "Bounds": "0,0,10,40",
    "Padding": "0,0,0,0",
    "AlignmentEdgeDistances": "0,0,0,0",
    "AlignmentTransform": "0,0",
    "Margin": "0,0,0,0",
    "RenderColor": "255,255,255,255",
    "Alignments": "",
    "DrawBackground": true,
    "MinimumSize": "1,1",
    "MaximumSize": "4096,4096",
    "Disabled": false,
    "Hidden": false,
    "RestrictToParent": false,
    "MouseInputEnabled": false,
    "HideToolTip": false,
    "ToolTipBackground": null,
    "ToolTipFont": null,
    "ToolTipTextColor": "",
    "NormalImage": "",
    "HoveredImage": "",
    "ClickedImage": "",
    "DisabledImage": "",
    "HoverSound": "octave-tap-resonant.wav",
    "MouseUpSound": "octave-tap-professional.wav",
    "MouseDownSound": "octave-tap-professional.wav"
  },
  "Title": {
    "Bounds": "0,0,70,29",
    "Padding": "0,0,0,0",
    "AlignmentEdgeDistances": "0,0,0,0",
    "AlignmentTransform": "0,0",
    "Margin": "0,0,0,0",
    "RenderColor": "255,255,255,255",
    "Alignments": "",
    "DrawBackground": true,
    "MinimumSize": "1,1",
    "MaximumSize": "4096,4096",
    "Disabled": false,
    "Hidden": false,
    "RestrictToParent": false,
    "MouseInputEnabled": false,
    "HideToolTip": false,
    "ToolTipBackground": null,
    "ToolTipFont": null,
    "ToolTipTextColor": "",
    "BackgroundTemplate": null,
    "TextColor": "0,255,255,255",
    "HoveredTextColor": "",
    "ClickedTextColor": "",
    "DisabledTextColor": "255,90,90,90",
    "TextAlign": "Left",
    "TextPadding": "25,9,0,0",
    "AutoSizeToContents": true,
    "Font": "sourcesansproblack,12",
    "TextScale": 1.0
  },
  "CloseButton": {
    "Bounds": "416,13,20,20",
    "Padding": "3,3,3,3",
    "AlignmentEdgeDistances": "0,0,0,0",
    "AlignmentTransform": "0,0",
    "Margin": "0,0,0,0",
    "RenderColor": "255,255,255,255",
    "Alignments": "",
    "DrawBackground": true,
    "MinimumSize": "1,1",
    "MaximumSize": "20,20",
    "Disabled": false,
    "Hidden": true,
    "RestrictToParent": false,
    "MouseInputEnabled": true,
    "HideToolTip": false,
    "ToolTipBackground": null,
    "ToolTipFont": null,
    "ToolTipTextColor": "",
    "TextColor": "0,255,255,255",
    "HoveredTextColor": "",
    "ClickedTextColor": "",
    "DisabledTextColor": "255,90,90,90",
    "TextAlign": "Center",
    "TextPadding": "3,3,3,3",
    "AutoSizeToContents": false,
    "Font": "arial,10",
    "TextScale": 1.0,
    "NormalImage": "closenormal.png",
    "HoveredImage": "closehover.png",
    "ClickedImage": "closeclicked.png",
    "DisabledImage": "",
    "CenterImage": false,
    "HoverSound": "octave-tap-resonant.wav",
    "MouseUpSound": "",
    "MouseDownSound": "octave-tap-warm.wav",
    "ClickSound": ""
  },
  "InnerPanel": {
    "Bounds": "0,39,449,156",
    "Padding": "0,0,0,0",
    "AlignmentEdgeDistances": "0,0,0,0",
    "AlignmentTransform": "0,0",
    "Margin": "0,0,0,0",
    "RenderColor": "255,255,255,255",
    "Alignments": "",
    "DrawBackground": true,
    "MinimumSize": "1,1",
    "MaximumSize": "4096,4096",
    "Disabled": false,
    "Hidden": false,
    "RestrictToParent": false,
    "MouseInputEnabled": true,
    "HideToolTip": false,
    "ToolTipBackground": null,
    "ToolTipFont": null,
    "ToolTipTextColor": "",
    "Children": {
      "Textbox": {
        "Bounds": "72,60,308,22",
        "Padding": "0,0,0,0",
        "AlignmentEdgeDistances": "0,0,0,0",
        "AlignmentTransform": "0,0",
        "Margin": "0,0,0,0",
        "RenderColor": "255,255,255,255",
        "Alignments": "CenterH",
        "DrawBackground": true,
        "MinimumSize": "1,1",
        "MaximumSize": "4096,4096",
        "Disabled": false,
        "Hidden": false,
        "RestrictToParent": false,
        "MouseInputEnabled": true,
        "HideToolTip": false,
        "ToolTipBackground": null,
        "ToolTipFont": null,
        "ToolTipTextColor": "",
        "Texture": "inputfield_slim.png",
        "Children": {
          "TextboxText": {
            "Bounds": "0,2,308,20",
            "Padding": "4,0,4,2",
            "AlignmentEdgeDistances": "0,0,0,0",
            "AlignmentTransform": "0,0",
            "Margin": "0,0,0,0",
            "RenderColor": "255,255,255,255",
            "Alignments": "",
            "DrawBackground": false,
            "MinimumSize": "1,1",
            "MaximumSize": "4096,4096",
            "Disabled": false,
            "Hidden": false,
            "RestrictToParent": false,
            "MouseInputEnabled": true,
            "HideToolTip": false,
            "ToolTipBackground": null,
            "ToolTipFont": null,
            "ToolTipTextColor": "",
            "TextColor": "255,220,220,220",
            "HoveredTextColor": "",
            "ClickedTextColor": "",
            "DisabledTextColor": "255,90,90,90",
            "TextAlign": "Left, CenterV",
            "TextPadding": "0,0,0,0",
            "AutoSizeToContents": false,
            "Font": "sourcesansproblack,10",
            "TextScale": 1.0,
            "AddTextSound": "octave-tap-resonant.wav",
            "RemoveTextSound": "octave-tap-professional.wav",
            "SubmitSound": "octave-tap-warm.wav"
          }
        }
      },
      "YesButton": {
        "Bounds": "90,100,96,35",
        "Padding": "3,3,3,3",
        "AlignmentEdgeDistances": "50,0,0,0",
        "AlignmentTransform": "0,0",
        "Margin": "0,0,0,0",
        "RenderColor": "255,255,255,255",
        "Alignments": "",
        "DrawBackground": true,
        "MinimumSize": "1,1",
        "MaximumSize": "4096,4096",
        "Disabled": false,
        "Hidden": false,
        "RestrictToParent": false,
        "MouseInputEnabled": true,
        "HideToolTip": false,
        "ToolTipBackground": null,
        "ToolTipFont": null,
        "ToolTipTextColor": "",
        "TextColor": "255,225,225,225",
        "HoveredTextColor": "255,225,225,225",
        "ClickedTextColor": "255,225,225,225",
        "DisabledTextColor": "255,225,225,225",
        "TextAlign": "Center",
        "TextPadding": "3,3,3,3",
        "AutoSizeToContents": false,
        "Font": "sourcesansproblack,12",
        "TextScale": 1.0,
        "NormalImage": "smallbutton.png",
        "HoveredImage": "smallbutton_hovered.png",
        "ClickedImage": "smallbutton_clicked.png",
        "DisabledImage": "smallbutton_disabled.png",
        "CenterImage": false,
        "HoverSound": "octave-tap-resonant.wav",
        "MouseUpSound": "",
        "MouseDownSound": "octave-tap-warm.wav",
        "ClickSound": ""
      },
      "NoButton": {
        "Bounds": "266,100,96,35",
        "Padding": "3,3,3,3",
        "AlignmentEdgeDistances": "50,0,0,0",
        "AlignmentTransform": "0,0",
        "Margin": "0,0,0,0",
        "RenderColor": "255,255,255,255",
        "Alignments": "",
        "DrawBackground": true,
        "MinimumSize": "1,1",
        "MaximumSize": "4096,4096",
        "Disabled": false,
        "Hidden": false,
        "RestrictToParent": false,
        "MouseInputEnabled": true,
        "HideToolTip": false,
        "ToolTipBackground": null,
        "ToolTipFont": null,
        "ToolTipTextColor": "",
        "TextColor": "255,225,225,225",
        "HoveredTextColor": "255,225,225,225",
        "ClickedTextColor": "255,225,225,225",
        "DisabledTextColor": "255,225,225,225",
        "TextAlign": "Center",
        "TextPadding": "3,3,3,3",
        "AutoSizeToContents": false,
        "Font": "sourcesansproblack,12",
        "TextScale": 1.0,
        "NormalImage": "smallbutton.png",
        "HoveredImage": "smallbutton_hovered.png",
        "ClickedImage": "smallbutton_clicked.png",
        "DisabledImage": "smallbutton_disabled.png",
        "CenterImage": false,
        "HoverSound": "octave-tap-resonant.wav",
        "MouseUpSound": "",
        "MouseDownSound": "octave-tap-warm.wav",
        "ClickSound": ""
      },
      "OkayButton": {
        "Bounds": "178,94,96,35",
        "Padding": "3,3,3,3",
        "AlignmentEdgeDistances": "50,0,0,0",
        "AlignmentTransform": "0,0",
        "Margin": "0,0,0,0",
        "RenderColor": "255,255,255,255",
        "Alignments": "CenterH",
        "DrawBackground": true,
        "MinimumSize": "1,1",
        "MaximumSize": "4096,4096",
        "Disabled": false,
        "Hidden": false,
        "RestrictToParent": false,
        "MouseInputEnabled": true,
        "HideToolTip": false,
        "ToolTipBackground": null,
        "ToolTipFont": null,
        "ToolTipTextColor": "",
        "TextColor": "255,225,225,225",
        "HoveredTextColor": "255,225,225,225",
        "ClickedTextColor": "255,225,225,225",
        "DisabledTextColor": "255,225,225,225",
        "TextAlign": "Center",
        "TextPadding": "3,3,3,3",
        "AutoSizeToContents": false,
        "Font": "sourcesansproblack,12",
        "TextScale": 1.0,
        "NormalImage": "smallbutton.png",
        "HoveredImage": "smallbutton_hovered.png",
        "ClickedImage": "smallbutton_clicked.png",
        "DisabledImage": "smallbutton_disabled.png",
        "CenterImage": false,
        "HoverSound": "octave-tap-resonant.wav",
        "MouseUpSound": "",
        "MouseDownSound": "octave-tap-warm.wav",
        "ClickSound": ""
      },
      "PromptLabel": {
        "Bounds": "36,12,380,150",
        "Padding": "0,0,0,0",
        "AlignmentEdgeDistances": "0,0,0,0",
        "AlignmentTransform": "0,0",
        "Margin": "0,0,0,0",
        "RenderColor": "255,255,255,255",
        "Alignments": "CenterH",
        "DrawBackground": true,
        "MinimumSize": "1,1",
        "MaximumSize": "4096,4096",
        "Disabled": false,
        "Hidden": false,
        "RestrictToParent": false,
        "MouseInputEnabled": false,
        "HideToolTip": false,
        "ToolTipBackground": null,
        "ToolTipFont": null,
        "ToolTipTextColor": "",
        "BackgroundTemplate": null,
        "TextColor": "255,255,255,255",
        "HoveredTextColor": "",
        "ClickedTextColor": "",
        "DisabledTextColor": "255,90,90,90",
        "TextAlign": "Left, Top",
        "TextPadding": "0,0,0,0",
        "AutoSizeToContents": false,
        "Font": "sourcesansproblack,10",
        "TextScale": 1.0
      }
    }
  }
}