{
  "Bounds": "0,576,200,24",
  "Padding": "0,0,0,0",
  "AlignmentEdgeDistances": "0,0,0,0",
  "AlignmentTransform": "0,0",
  "Margin": "0,0,0,0",
  "RenderColor": "255,255,255,255",
  "Alignments": "Left,Bottom",
  "DrawBackground": true,
  "MinimumSize": "1,1",
  "MaximumSize": "4096,4096",
  "Disabled": false,
  "Hidden": false,
  "RestrictToParent": false,
  "MouseInputEnabled": true,
  "HideToolTip": false,
  "ToolTipBackground": null,
  "ToolTipFont": null,
  "ToolTipTextColor": "",
  "Texture": "statusbg.png",
  "HoverSound": null,
  "LeftMouseClickSound": null,
  "RightMouseClickSound": null,
  "Children": {
    "ServerStatusLabel": {
      "Bounds": "0,4,200,16",
      "Padding": "0,0,0,0",
      "AlignmentEdgeDistances": "0,0,0,0",
      "AlignmentTransform": "0,0",
      "Margin": "0,0,0,0",
      "RenderColor": "255,255,255,255",
      "Alignments": "Center",
      "DrawBackground": true,
      "MinimumSize": "1,1",
      "MaximumSize": "4096,4096",
      "Disabled": false,
      "Hidden": false,
      "RestrictToParent": false,
      "MouseInputEnabled": false,
      "HideToolTip": false,
      "ToolTipBackground": null,
      "ToolTipFont": null,
      "ToolTipTextColor": "",
      "BackgroundTemplate": null,
      "TextColor": "255,220,220,220",
      "HoveredTextColor": "",
      "ClickedTextColor": "",
      "DisabledTextColor": "255,220,220,220",
      "TextAlign": "Center",
      "TextPadding": "0,2,0,0",
      "AutoSizeToContents": false,
      "Font": "sourcesansproblack,10",
      "TextScale": 1.0
    }
  }
}