{
  "Bounds": "454,317,452,150",
  "Padding": "0,0,0,0",
  "AlignmentEdgeDistances": "0,0,0,0",
  "AlignmentTransform": "0,12",
  "Margin": "0,0,0,0",
  "RenderColor": "255,255,255,255",
  "Alignments": "Center",
  "DrawBackground": true,
  "MinimumSize": "1,1",
  "MaximumSize": "4096,4096",
  "Disabled": false,
  "Hidden": true,
  "RestrictToParent": true,
  "MouseInputEnabled": true,
  "HideToolTip": false,
  "ToolTipBackground": null,
  "ToolTipFont": null,
  "ToolTipTextColor": "",
  "Texture": "login_window.png",
  "HoverSound": null,
  "LeftMouseClickSound": null,
  "RightMouseClickSound": null,
  "Children": {
    "LoginHeader": {
      "Bounds": "0,0,452,393",
      "Padding": "0,0,0,0",
      "AlignmentEdgeDistances": "0,0,0,0",
      "AlignmentTransform": "0,0",
      "Margin": "0,0,0,0",
      "RenderColor": "255,255,255,255",
      "Alignments": "",
      "DrawBackground": true,
      "MinimumSize": "1,1",
      "MaximumSize": "4096,4096",
      "Disabled": false,
      "Hidden": false,
      "RestrictToParent": false,
      "MouseInputEnabled": false,
      "HideToolTip": false,
      "ToolTipBackground": null,
      "ToolTipFont": null,
      "ToolTipTextColor": "",
      "BackgroundTemplate": null,
      "TextColor": "255,225,225,225",
      "HoveredTextColor": "",
      "ClickedTextColor": "",
      "DisabledTextColor": "255,90,90,90",
      "TextAlign": "Left",
      "TextPadding": "25,9,0,0",
      "AutoSizeToContents": false,
      "Font": "sourcesansproblack,12",
      "TextScale": 1.0
    },
    "UsernamePanel": {
      "Bounds": "14,54,308,28",
      "Padding": "0,0,0,0",
      "AlignmentEdgeDistances": "0,0,0,0",
      "AlignmentTransform": "0,0",
      "Margin": "14,0,0,0",
      "RenderColor": "255,200,200,200",
      "Alignments": "Left",
      "DrawBackground": true,
      "MinimumSize": "1,1",
      "MaximumSize": "4096,4096",
      "Disabled": false,
      "Hidden": false,
      "RestrictToParent": false,
      "MouseInputEnabled": true,
      "HideToolTip": false,
      "ToolTipBackground": null,
      "ToolTipFont": null,
      "ToolTipTextColor": "",
      "Texture": "inputfield.png",
      "HoverSound": null,
      "LeftMouseClickSound": null,
      "RightMouseClickSound": null,
      "Children": {
        "UsernameLabel": {
          "Bounds": "0,-4,176,20",
          "Padding": "0,0,0,0",
          "AlignmentEdgeDistances": "0,0,0,0",
          "AlignmentTransform": "0,0",
          "Margin": "0,0,0,0",
          "RenderColor": "255,255,255,255",
          "Alignments": "",
          "DrawBackground": true,
          "MinimumSize": "1,1",
          "MaximumSize": "4096,4096",
          "Disabled": false,
          "Hidden": false,
          "RestrictToParent": false,
          "MouseInputEnabled": false,
          "HideToolTip": false,
          "ToolTipBackground": null,
          "ToolTipFont": null,
          "ToolTipTextColor": "",
          "BackgroundTemplate": null,
          "TextColor": "255,255,255,255",
          "HoveredTextColor": "",
          "ClickedTextColor": "",
          "DisabledTextColor": "255,90,90,90",
          "TextAlign": "Left",
          "TextPadding": "0,0,0,10",
          "AutoSizeToContents": false,
          "Font": "sourcesansproblack,10",
          "TextScale": 1.0
        },
        "UsernameField": {
          "Bounds": "4,10,302,16",
          "Padding": "4,0,4,2",
          "AlignmentEdgeDistances": "0,0,0,0",
          "AlignmentTransform": "0,0",
          "Margin": "0,0,0,0",
          "RenderColor": "255,255,255,255",
          "Alignments": "",
          "DrawBackground": false,
          "MinimumSize": "1,1",
          "MaximumSize": "4096,4096",
          "Disabled": false,
          "Hidden": false,
          "RestrictToParent": false,
          "MouseInputEnabled": true,
          "HideToolTip": false,
          "ToolTipBackground": null,
          "ToolTipFont": null,
          "ToolTipTextColor": "",
          "TextColor": "255,220,220,220",
          "HoveredTextColor": "",
          "ClickedTextColor": "",
          "DisabledTextColor": "255,90,90,90",
          "TextAlign": "Left, CenterV",
          "TextPadding": "0,0,0,0",
          "AutoSizeToContents": false,
          "Font": "sourcesansproblack,10",
          "TextScale": 1.0,
          "AddTextSound": "octave-tap-resonant.wav",
          "RemoveTextSound": "octave-tap-professional.wav",
          "SubmitSound": "octave-tap-warm.wav"
        }
      }
    },
    "PasswordPanel": {
      "Bounds": "14,90,308,28",
      "Padding": "0,0,0,0",
      "AlignmentEdgeDistances": "0,0,0,0",
      "AlignmentTransform": "0,0",
      "Margin": "14,0,0,0",
      "RenderColor": "255,200,200,200",
      "Alignments": "Left",
      "DrawBackground": true,
      "MinimumSize": "1,1",
      "MaximumSize": "4096,4096",
      "Disabled": false,
      "Hidden": false,
      "RestrictToParent": false,
      "MouseInputEnabled": true,
      "HideToolTip": false,
      "ToolTipBackground": null,
      "ToolTipFont": null,
      "ToolTipTextColor": "",
      "Texture": "inputfield.png",
      "HoverSound": null,
      "LeftMouseClickSound": null,
      "RightMouseClickSound": null,
      "Children": {
        "PasswordLabel": {
          "Bounds": "0,-4,176,20",
          "Padding": "0,0,0,0",
          "AlignmentEdgeDistances": "0,0,0,0",
          "AlignmentTransform": "0,0",
          "Margin": "0,0,0,0",
          "RenderColor": "255,255,255,255",
          "Alignments": "",
          "DrawBackground": true,
          "MinimumSize": "1,1",
          "MaximumSize": "4096,4096",
          "Disabled": false,
          "Hidden": false,
          "RestrictToParent": false,
          "MouseInputEnabled": false,
          "HideToolTip": false,
          "ToolTipBackground": null,
          "ToolTipFont": null,
          "ToolTipTextColor": "",
          "BackgroundTemplate": null,
          "TextColor": "255,255,254,254",
          "HoveredTextColor": "",
          "ClickedTextColor": "",
          "DisabledTextColor": "255,90,90,90",
          "TextAlign": "Left",
          "TextPadding": "0,0,0,10",
          "AutoSizeToContents": false,
          "Font": "sourcesansproblack,10",
          "TextScale": 1.0
        },
        "PasswordField": {
          "Bounds": "4,10,302,16",
          "Padding": "4,0,4,2",
          "AlignmentEdgeDistances": "0,0,0,0",
          "AlignmentTransform": "0,0",
          "Margin": "0,0,0,0",
          "RenderColor": "255,255,255,255",
          "Alignments": "",
          "DrawBackground": false,
          "MinimumSize": "1,1",
          "MaximumSize": "4096,4096",
          "Disabled": false,
          "Hidden": false,
          "RestrictToParent": false,
          "MouseInputEnabled": true,
          "HideToolTip": false,
          "ToolTipBackground": null,
          "ToolTipFont": null,
          "ToolTipTextColor": "",
          "TextColor": "255,220,220,220",
          "HoveredTextColor": "",
          "ClickedTextColor": "",
          "DisabledTextColor": "255,90,90,90",
          "TextAlign": "Left, CenterV",
          "TextPadding": "0,0,0,0",
          "AutoSizeToContents": false,
          "Font": "sourcesansproblack,10",
          "TextScale": 1.0,
          "AddTextSound": "octave-tap-resonant.wav",
          "RemoveTextSound": "octave-tap-professional.wav",
          "SubmitSound": "octave-tap-warm.wav"
        }
      }
    },
    "SavePassCheckbox": {
      "Bounds": "13,124,160,24",
      "Padding": "0,0,0,0",
      "AlignmentEdgeDistances": "0,0,0,0",
      "AlignmentTransform": "0,0",
      "Margin": "0,0,0,0",
      "RenderColor": "255,255,255,255",
      "Alignments": "",
      "DrawBackground": true,
      "MinimumSize": "1,1",
      "MaximumSize": "4096,4096",
      "Disabled": false,
      "Hidden": false,
      "RestrictToParent": false,
      "MouseInputEnabled": true,
      "HideToolTip": false,
      "ToolTipBackground": null,
      "ToolTipFont": null,
      "ToolTipTextColor": "",
      "Label": {
        "Bounds": "0,6,88,16",
        "Padding": "0,0,0,0",
        "AlignmentEdgeDistances": "0,0,0,0",
        "AlignmentTransform": "0,0",
        "Margin": "0,0,0,0",
        "RenderColor": "255,255,255,255",
        "Alignments": "",
        "DrawBackground": true,
        "MinimumSize": "1,1",
        "MaximumSize": "4096,4096",
        "Disabled": false,
        "Hidden": false,
        "RestrictToParent": false,
        "MouseInputEnabled": true,
        "HideToolTip": false,
        "ToolTipBackground": null,
        "ToolTipFont": null,
        "ToolTipTextColor": "",
        "BackgroundTemplate": null,
        "TextColor": "255,225,225,225",
        "HoveredTextColor": "255,200,200,200",
        "ClickedTextColor": "",
        "DisabledTextColor": "255,90,90,90",
        "TextAlign": "Right",
        "TextPadding": "0,0,0,0",
        "AutoSizeToContents": true,
        "Font": "sourcesansproblack,10",
        "TextScale": 1.0
      },
      "Checkbox": {
        "Bounds": "92,0,24,25",
        "Padding": "3,3,3,3",
        "AlignmentEdgeDistances": "0,0,0,0",
        "AlignmentTransform": "0,0",
        "Margin": "0,0,12,2",
        "RenderColor": "255,255,255,255",
        "Alignments": "",
        "DrawBackground": true,
        "MinimumSize": "1,1",
        "MaximumSize": "4096,4096",
        "Disabled": false,
        "Hidden": false,
        "RestrictToParent": false,
        "MouseInputEnabled": true,
        "HideToolTip": false,
        "ToolTipBackground": null,
        "ToolTipFont": null,
        "ToolTipTextColor": "",
        "TextColor": "0,255,255,255",
        "HoveredTextColor": "",
        "ClickedTextColor": "",
        "DisabledTextColor": "255,90,90,90",
        "TextAlign": "Right",
        "TextPadding": "3,3,3,3",
        "AutoSizeToContents": false,
        "Font": "arial,10",
        "TextScale": 1.0,
        "CenterImage": false,
        "HoverSound": null,
        "MouseUpSound": null,
        "MouseDownSound": null,
        "ClickSound": null,
        "NormalImage": "checkboxempty.png",
        "CheckedImage": "checkboxfull.png",
        "DisabledImage": "",
        "CheckedDisabledImage": "",
        "CheckedSound": "octave-tap-warm.wav",
        "UncheckedSound": "octave-tap-resonant.wav"
      }
    },
    "ForgotPasswordButton": {
      "Bounds": "214,130,104,16",
      "Padding": "0,0,0,0",
      "AlignmentEdgeDistances": "0,0,0,0",
      "AlignmentTransform": "0,0",
      "Margin": "0,0,0,0",
      "RenderColor": "255,255,255,255",
      "Alignments": "",
      "DrawBackground": false,
      "MinimumSize": "1,1",
      "MaximumSize": "4096,4096",
      "Disabled": false,
      "Hidden": false,
      "RestrictToParent": false,
      "MouseInputEnabled": true,
      "HideToolTip": false,
      "ToolTipBackground": null,
      "ToolTipFont": null,
      "ToolTipTextColor": "",
      "TextColor": "255,225,225,225",
      "HoveredTextColor": "255,200,200,200",
      "ClickedTextColor": "",
      "DisabledTextColor": "255,90,90,90",
      "TextAlign": "Center",
      "TextPadding": "0,0,0,0",
      "AutoSizeToContents": true,
      "Font": "sourcesansproblack,10",
      "TextScale": 1.0,
      "NormalImage": null,
      "HoveredImage": null,
      "ClickedImage": null,
      "DisabledImage": null,
      "CenterImage": false,
      "HoverSound": "octave-tap-resonant.wav",
      "MouseUpSound": "",
      "MouseDownSound": "octave-tap-warm.wav",
      "ClickSound": ""
    },
    "LoginButton": {
      "Bounds": "338,54,96,35",
      "Padding": "3,3,3,3",
      "AlignmentEdgeDistances": "50,0,0,0",
      "AlignmentTransform": "0,0",
      "Margin": "0,0,0,0",
      "RenderColor": "255,255,255,255",
      "Alignments": "",
      "DrawBackground": true,
      "MinimumSize": "1,1",
      "MaximumSize": "4096,4096",
      "Disabled": false,
      "Hidden": false,
      "RestrictToParent": false,
      "MouseInputEnabled": true,
      "HideToolTip": false,
      "ToolTipBackground": null,
      "ToolTipFont": null,
      "ToolTipTextColor": "",
      "TextColor": "255,225,225,225",
      "HoveredTextColor": "255,225,225,225",
      "ClickedTextColor": "255,225,225,225",
      "DisabledTextColor": "255,225,225,225",
      "TextAlign": "Center",
      "TextPadding": "3,3,3,3",
      "AutoSizeToContents": false,
      "Font": "sourcesansproblack,12",
      "TextScale": 1.0,
      "NormalImage": "smallbutton.png",
      "HoveredImage": "smallbutton_hovered.png",
      "ClickedImage": "smallbutton_clicked.png",
      "DisabledImage": "smallbutton_disabled.png",
      "CenterImage": false,
      "HoverSound": "octave-tap-resonant.wav",
      "MouseUpSound": "",
      "MouseDownSound": "octave-tap-warm.wav",
      "ClickSound": ""
    },
    "BackButton": {
      "Bounds": "338,89,96,35",
      "Padding": "0,0,0,0",
      "AlignmentEdgeDistances": "0,0,0,0",
      "AlignmentTransform": "0,0",
      "Margin": "0,0,0,0",
      "RenderColor": "255,255,255,255",
      "Alignments": "",
      "DrawBackground": true,
      "MinimumSize": "1,1",
      "MaximumSize": "4096,4096",
      "Disabled": false,
      "Hidden": false,
      "RestrictToParent": false,
      "MouseInputEnabled": true,
      "HideToolTip": false,
      "ToolTipBackground": null,
      "ToolTipFont": null,
      "ToolTipTextColor": "",
      "TextColor": "255,225,225,225",
      "HoveredTextColor": "255,225,225,225",
      "ClickedTextColor": "255,225,225,225",
      "DisabledTextColor": "255,225,225,225",
      "TextAlign": "Center",
      "TextPadding": "3,3,3,3",
      "AutoSizeToContents": false,
      "Font": "sourcesansproblack,12",
      "TextScale": 1.0,
      "NormalImage": "smallbutton.png",
      "HoveredImage": "smallbutton_hovered.png",
      "ClickedImage": "smallbutton_clicked.png",
      "DisabledImage": "smallbutton_disabled.png",
      "CenterImage": false,
      "HoverSound": "octave-tap-resonant.wav",
      "MouseUpSound": "",
      "MouseDownSound": "octave-beep-tapped.wav",
      "ClickSound": ""
    }
  }
}