{
  "Bounds": "587,257,192,254",
  "Padding": "0,0,0,0",
  "AlignmentEdgeDistances": "0,0,0,0",
  "AlignmentTransform": "0,0",
  "Margin": "0,0,0,0",
  "RenderColor": "255,255,255,255",
  "Alignments": "Center",
  "DrawBackground": true,
  "MinimumSize": "100,40",
  "MaximumSize": "4096,4096",
  "Disabled": false,
  "Hidden": false,
  "RestrictToParent": true,
  "MouseInputEnabled": true,
  "HideToolTip": false,
  "ToolTipBackground": null,
  "ToolTipFont": null,
  "ToolTipTextColor": "",
  "ClampMovement": true,
  "ActiveImage": "bag.png",
  "InactiveImage": "",
  "ActiveColor": "255,220,220,220",
  "InactiveColor": "",
  "Closable": true,
  "Titlebar": {
    "Bounds": "0,0,192,29",
    "Padding": "0,0,0,0",
    "AlignmentEdgeDistances": "0,0,0,0",
    "AlignmentTransform": "0,0",
    "Margin": "0,0,0,0",
    "RenderColor": "255,255,255,255",
    "Alignments": "",
    "DrawBackground": true,
    "MinimumSize": "1,1",
    "MaximumSize": "4096,4096",
    "Disabled": false,
    "Hidden": false,
    "RestrictToParent": false,
    "MouseInputEnabled": true,
    "HideToolTip": false,
    "ToolTipBackground": null,
    "ToolTipFont": null,
    "ToolTipTextColor": "",
    "NormalImage": "",
    "HoveredImage": "",
    "ClickedImage": "",
    "DisabledImage": "",
    "HoverSound": "",
    "MouseUpSound": "",
    "MouseDownSound": ""
  },
  "Title": {
    "Bounds": "0,0,72,29",
    "Padding": "40,5,4,4",
    "AlignmentEdgeDistances": "0,0,0,0",
    "AlignmentTransform": "0,0",
    "Margin": "0,0,0,0",
    "RenderColor": "255,255,255,255",
    "Alignments": "",
    "DrawBackground": true,
    "MinimumSize": "1,1",
    "MaximumSize": "4096,4096",
    "Disabled": false,
    "Hidden": false,
    "RestrictToParent": false,
    "MouseInputEnabled": false,
    "HideToolTip": false,
    "ToolTipBackground": null,
    "ToolTipFont": null,
    "ToolTipTextColor": "",
    "BackgroundTemplate": null,
    "TextColor": "0,255,255,255",
    "HoveredTextColor": "",
    "ClickedTextColor": "",
    "DisabledTextColor": "255,90,90,90",
    "TextAlign": "Left, CenterV",
    "TextPadding": "0,0,0,0",
    "AutoSizeToContents": true,
    "Font": "sourcesansproblack,12",
    "TextScale": 1.0
  },
  "CloseButton": {
    "Bounds": "166,4,26,25",
    "Padding": "3,4,0,0",
    "AlignmentEdgeDistances": "0,0,0,0",
    "AlignmentTransform": "0,0",
    "Margin": "0,0,0,0",
    "RenderColor": "255,255,255,255",
    "Alignments": "Top,Right",
    "DrawBackground": true,
    "MinimumSize": "1,1",
    "MaximumSize": "30,30",
    "Disabled": false,
    "Hidden": false,
    "RestrictToParent": true,
    "MouseInputEnabled": true,
    "HideToolTip": false,
    "ToolTipBackground": null,
    "ToolTipFont": null,
    "ToolTipTextColor": "",
    "TextColor": "0,255,255,255",
    "HoveredTextColor": "",
    "ClickedTextColor": "",
    "DisabledTextColor": "255,90,90,90",
    "TextAlign": "Center",
    "TextPadding": "3,3,3,3",
    "AutoSizeToContents": false,
    "Font": "arial,10",
    "TextScale": 1.0,
    "NormalImage": "closenormal.png",
    "HoveredImage": "closehover.png",
    "ClickedImage": "closeclicked.png",
    "DisabledImage": "",
    "CenterImage": false,
    "HoverSound": "octave-tap-resonant.wav",
    "MouseUpSound": "",
    "MouseDownSound": "octave-tap-warm.wav",
    "ClickSound": ""
  },
  "InnerPanel": {
    "Bounds": "0,0,10,10",
    "Padding": "0,0,0,0",
    "AlignmentEdgeDistances": "0,0,0,0",
    "AlignmentTransform": "0,0",
    "Margin": "0,0,0,0",
    "RenderColor": "255,255,255,255",
    "Alignments": "",
    "DrawBackground": true,
    "MinimumSize": "1,1",
    "MaximumSize": "4096,4096",
    "Disabled": false,
    "Hidden": false,
    "RestrictToParent": false,
    "MouseInputEnabled": true,
    "HideToolTip": false,
    "ToolTipBackground": null,
    "ToolTipFont": null,
    "ToolTipTextColor": "",
    "Children": {
      "ItemContainer": {
        "Bounds": "0,0,192,225",
        "Padding": "0,0,0,0",
        "AlignmentEdgeDistances": "0,0,0,0",
        "AlignmentTransform": "0,0",
        "Margin": "0,0,0,0",
        "RenderColor": "255,255,255,255",
        "Alignments": "",
        "DrawBackground": true,
        "MinimumSize": "1,1",
        "MaximumSize": "4096,4096",
        "Disabled": false,
        "Hidden": false,
        "RestrictToParent": false,
        "MouseInputEnabled": false,
        "HideToolTip": false,
        "ToolTipBackground": null,
        "ToolTipFont": null,
        "ToolTipTextColor": "",
        "CanScrollH": false,
        "CanScrollV": true,
        "AutoHideBars": false,
        "InnerPanel": {
          "Bounds": "0,0,10,10",
          "Padding": "0,0,0,0",
          "AlignmentEdgeDistances": "0,0,0,0",
          "AlignmentTransform": "0,0",
          "Margin": "5,5,5,5",
          "RenderColor": "255,255,255,255",
          "Alignments": "",
          "DrawBackground": true,
          "MinimumSize": "1,1",
          "MaximumSize": "4096,4096",
          "Disabled": false,
          "Hidden": false,
          "RestrictToParent": false,
          "MouseInputEnabled": false,
          "HideToolTip": false,
          "ToolTipBackground": null,
          "ToolTipFont": null,
          "ToolTipTextColor": ""
        },
        "HorizontalScrollBar": {
          "Bounds": "0,0,15,15",
          "Padding": "0,0,0,0",
          "AlignmentEdgeDistances": "0,0,0,0",
          "AlignmentTransform": "0,0",
          "Margin": "0,0,0,0",
          "RenderColor": "255,255,255,255",
          "Alignments": "",
          "DrawBackground": true,
          "MinimumSize": "1,1",
          "MaximumSize": "4096,4096",
          "Disabled": false,
          "Hidden": true,
          "RestrictToParent": false,
          "MouseInputEnabled": true,
          "HideToolTip": false,
          "ToolTipBackground": null,
          "ToolTipFont": null,
          "ToolTipTextColor": "",
          "BackgroundTemplate": null,
          "UpOrLeftButton": {
            "Bounds": "0,0,100,20",
            "Padding": "3,3,3,3",
            "AlignmentEdgeDistances": "0,0,0,0",
            "AlignmentTransform": "0,0",
            "Margin": "0,0,0,0",
            "RenderColor": "255,255,255,255",
            "Alignments": "",
            "DrawBackground": true,
            "MinimumSize": "1,1",
            "MaximumSize": "4096,4096",
            "Disabled": false,
            "Hidden": false,
            "RestrictToParent": false,
            "MouseInputEnabled": true,
            "HideToolTip": false,
            "ToolTipBackground": null,
            "ToolTipFont": null,
            "ToolTipTextColor": "",
            "TextColor": "0,255,255,255",
            "HoveredTextColor": "",
            "ClickedTextColor": "",
            "DisabledTextColor": "255,90,90,90",
            "TextAlign": "Center",
            "TextPadding": "3,3,3,3",
            "AutoSizeToContents": false,
            "Font": "arial,10",
            "TextScale": 1.0,
            "NormalImage": "",
            "HoveredImage": "",
            "ClickedImage": "",
            "DisabledImage": "",
            "CenterImage": false,
            "HoverSound": "octave-tap-resonant.wav",
            "MouseUpSound": "",
            "MouseDownSound": "octave-tap-warm.wav",
            "ClickSound": ""
          },
          "Bar": {
            "Bounds": "0,0,10,10",
            "Padding": "0,0,0,0",
            "AlignmentEdgeDistances": "0,0,0,0",
            "AlignmentTransform": "0,0",
            "Margin": "0,0,0,0",
            "RenderColor": "255,255,255,255",
            "Alignments": "",
            "DrawBackground": true,
            "MinimumSize": "1,1",
            "MaximumSize": "4096,4096",
            "Disabled": false,
            "Hidden": false,
            "RestrictToParent": true,
            "MouseInputEnabled": true,
            "HideToolTip": false,
            "ToolTipBackground": null,
            "ToolTipFont": null,
            "ToolTipTextColor": "",
            "NormalImage": "",
            "HoveredImage": "",
            "ClickedImage": "",
            "DisabledImage": "",
            "HoverSound": "octave-tap-resonant.wav",
            "MouseUpSound": "octave-tap-professional.wav",
            "MouseDownSound": "octave-tap-professional.wav"
          },
          "DownOrRightButton": {
            "Bounds": "0,0,100,20",
            "Padding": "3,3,3,3",
            "AlignmentEdgeDistances": "0,0,0,0",
            "AlignmentTransform": "0,0",
            "Margin": "0,0,0,0",
            "RenderColor": "255,255,255,255",
            "Alignments": "",
            "DrawBackground": true,
            "MinimumSize": "1,1",
            "MaximumSize": "4096,4096",
            "Disabled": false,
            "Hidden": false,
            "RestrictToParent": false,
            "MouseInputEnabled": true,
            "HideToolTip": false,
            "ToolTipBackground": null,
            "ToolTipFont": null,
            "ToolTipTextColor": "",
            "TextColor": "0,255,255,255",
            "HoveredTextColor": "",
            "ClickedTextColor": "",
            "DisabledTextColor": "255,90,90,90",
            "TextAlign": "Center",
            "TextPadding": "3,3,3,3",
            "AutoSizeToContents": false,
            "Font": "arial,10",
            "TextScale": 1.0,
            "NormalImage": "",
            "HoveredImage": "",
            "ClickedImage": "",
            "DisabledImage": "",
            "CenterImage": false,
            "HoverSound": "octave-tap-resonant.wav",
            "MouseUpSound": "",
            "MouseDownSound": "octave-tap-warm.wav",
            "ClickSound": ""
          }
        },
        "VerticalScrollBar": {
          "Bounds": "0,0,15,15",
          "Padding": "0,0,0,0",
          "AlignmentEdgeDistances": "0,0,0,0",
          "AlignmentTransform": "0,0",
          "Margin": "0,0,0,0",
          "RenderColor": "255,255,255,255",
          "Alignments": "",
          "DrawBackground": true,
          "MinimumSize": "1,1",
          "MaximumSize": "4096,4096",
          "Disabled": false,
          "Hidden": false,
          "RestrictToParent": false,
          "MouseInputEnabled": true,
          "HideToolTip": false,
          "ToolTipBackground": null,
          "ToolTipFont": null,
          "ToolTipTextColor": "",
          "BackgroundTemplate": "scrollbarbg.png",
          "UpOrLeftButton": {
            "Bounds": "0,0,100,20",
            "Padding": "3,3,3,3",
            "AlignmentEdgeDistances": "0,0,0,0",
            "AlignmentTransform": "0,0",
            "Margin": "0,0,0,0",
            "RenderColor": "255,255,255,255",
            "Alignments": "",
            "DrawBackground": true,
            "MinimumSize": "1,1",
            "MaximumSize": "4096,4096",
            "Disabled": false,
            "Hidden": false,
            "RestrictToParent": false,
            "MouseInputEnabled": true,
            "HideToolTip": false,
            "ToolTipBackground": null,
            "ToolTipFont": null,
            "ToolTipTextColor": "",
            "TextColor": "0,255,255,255",
            "HoveredTextColor": "",
            "ClickedTextColor": "",
            "DisabledTextColor": "255,90,90,90",
            "TextAlign": "Center",
            "TextPadding": "3,3,3,3",
            "AutoSizeToContents": false,
            "Font": "arial,10",
            "TextScale": 1.0,
            "NormalImage": "uparrownormal.png",
            "HoveredImage": "uparrowhover.png",
            "ClickedImage": "uparrowclicked.png",
            "DisabledImage": "",
            "CenterImage": false,
            "HoverSound": "octave-tap-resonant.wav",
            "MouseUpSound": "",
            "MouseDownSound": "octave-tap-warm.wav",
            "ClickSound": ""
          },
          "Bar": {
            "Bounds": "0,0,10,10",
            "Padding": "0,0,0,0",
            "AlignmentEdgeDistances": "0,0,0,0",
            "AlignmentTransform": "0,0",
            "Margin": "0,0,0,0",
            "RenderColor": "255,255,255,255",
            "Alignments": "",
            "DrawBackground": true,
            "MinimumSize": "1,1",
            "MaximumSize": "4096,4096",
            "Disabled": false,
            "Hidden": true,
            "RestrictToParent": true,
            "MouseInputEnabled": true,
            "HideToolTip": false,
            "ToolTipBackground": null,
            "ToolTipFont": null,
            "ToolTipTextColor": "",
            "NormalImage": "scrollbarnormal.png",
            "HoveredImage": "scrollbarhover.png",
            "ClickedImage": "scrollbarclicked.png",
            "DisabledImage": "",
            "HoverSound": "octave-tap-resonant.wav",
            "MouseUpSound": "octave-tap-professional.wav",
            "MouseDownSound": "octave-tap-professional.wav"
          },
          "DownOrRightButton": {
            "Bounds": "0,0,100,20",
            "Padding": "3,3,3,3",
            "AlignmentEdgeDistances": "0,0,0,0",
            "AlignmentTransform": "0,0",
            "Margin": "0,0,0,0",
            "RenderColor": "255,255,255,255",
            "Alignments": "",
            "DrawBackground": true,
            "MinimumSize": "1,1",
            "MaximumSize": "4096,4096",
            "Disabled": false,
            "Hidden": false,
            "RestrictToParent": false,
            "MouseInputEnabled": true,
            "HideToolTip": false,
            "ToolTipBackground": null,
            "ToolTipFont": null,
            "ToolTipTextColor": "",
            "TextColor": "0,255,255,255",
            "HoveredTextColor": "",
            "ClickedTextColor": "",
            "DisabledTextColor": "255,90,90,90",
            "TextAlign": "Center",
            "TextPadding": "3,3,3,3",
            "AutoSizeToContents": false,
            "Font": "arial,10",
            "TextScale": 1.0,
            "NormalImage": "downarrownormal.png",
            "HoveredImage": "downarrowhover.png",
            "ClickedImage": "downarrowclicked.png",
            "DisabledImage": "",
            "CenterImage": false,
            "HoverSound": "octave-tap-resonant.wav",
            "MouseUpSound": "",
            "MouseDownSound": "octave-tap-warm.wav",
            "ClickSound": ""
          }
        }
      }
    }
  }
}