{
  "Bounds": "574,200,220,340",
  "Padding": "0,0,0,0",
  "AlignmentEdgeDistances": "0,0,6,60",
  "AlignmentTransform": "0,0",
  "Margin": "0,0,0,0",
  "RenderColor": "255,255,255,255",
  "Alignments": "Bottom,Right",
  "DrawBackground": true,
  "MinimumSize": "100,40",
  "MaximumSize": "4096,4096",
  "Disabled": false,
  "Hidden": true,
  "RestrictToParent": true,
  "MouseInputEnabled": true,
  "HideToolTip": false,
  "ToolTipBackground": null,
  "ToolTipFont": null,
  "ToolTipTextColor": "",
  "ClampMovement": true,
  "ActiveImage": "character.png",
  "InactiveImage": "",
  "ActiveColor": "255,220,220,220",
  "InactiveColor": "",
  "Closable": true,
  "Titlebar": {
    "Bounds": "0,0,220,31",
    "Padding": "0,0,0,0",
    "AlignmentEdgeDistances": "0,0,0,0",
    "AlignmentTransform": "0,0",
    "Margin": "0,0,0,0",
    "RenderColor": "255,255,255,255",
    "Alignments": "",
    "DrawBackground": true,
    "MinimumSize": "1,1",
    "MaximumSize": "4096,4096",
    "Disabled": false,
    "Hidden": false,
    "RestrictToParent": false,
    "MouseInputEnabled": true,
    "HideToolTip": false,
    "ToolTipBackground": null,
    "ToolTipFont": null,
    "ToolTipTextColor": "",
    "NormalImage": "",
    "HoveredImage": "",
    "ClickedImage": "",
    "DisabledImage": "",
    "HoverSound": "",
    "MouseUpSound": "",
    "MouseDownSound": ""
  },
  "Title": {
    "Bounds": "0,0,116,31",
    "Padding": "40,7,4,4",
    "AlignmentEdgeDistances": "0,0,0,0",
    "AlignmentTransform": "0,0",
    "Margin": "0,0,0,0",
    "RenderColor": "255,255,255,255",
    "Alignments": "",
    "DrawBackground": true,
    "MinimumSize": "1,1",
    "MaximumSize": "4096,4096",
    "Disabled": false,
    "Hidden": false,
    "RestrictToParent": false,
    "MouseInputEnabled": false,
    "HideToolTip": false,
    "ToolTipBackground": null,
    "ToolTipFont": null,
    "ToolTipTextColor": "",
    "BackgroundTemplate": null,
    "TextColor": "0,255,255,255",
    "HoveredTextColor": "",
    "ClickedTextColor": "",
    "DisabledTextColor": "255,90,90,90",
    "TextAlign": "Left, CenterV",
    "TextPadding": "0,0,0,0",
    "AutoSizeToContents": true,
    "Font": "sourcesansproblack,12",
    "TextScale": 1.0
  },
  "CloseButton": {
    "Bounds": "194,6,26,25",
    "Padding": "3,6,0,0",
    "AlignmentEdgeDistances": "0,0,0,0",
    "AlignmentTransform": "0,0",
    "Margin": "0,0,0,0",
    "RenderColor": "255,255,255,255",
    "Alignments": "Top,Right",
    "DrawBackground": true,
    "MinimumSize": "1,1",
    "MaximumSize": "30,30",
    "Disabled": false,
    "Hidden": false,
    "RestrictToParent": true,
    "MouseInputEnabled": true,
    "HideToolTip": false,
    "ToolTipBackground": null,
    "ToolTipFont": null,
    "ToolTipTextColor": "",
    "TextColor": "0,255,255,255",
    "HoveredTextColor": "",
    "ClickedTextColor": "",
    "DisabledTextColor": "255,90,90,90",
    "TextAlign": "Center",
    "TextPadding": "3,3,3,3",
    "AutoSizeToContents": false,
    "Font": "arial,10",
    "TextScale": 1.0,
    "NormalImage": "closenormal.png",
    "HoveredImage": "closehover.png",
    "ClickedImage": "closeclicked.png",
    "DisabledImage": "",
    "CenterImage": false,
    "HoverSound": "octave-tap-resonant.wav",
    "MouseUpSound": "",
    "MouseDownSound": "octave-tap-warm.wav",
    "ClickSound": ""
  },
  "InnerPanel": {
    "Bounds": "0,0,10,10",
    "Padding": "0,0,0,0",
    "AlignmentEdgeDistances": "0,0,0,0",
    "AlignmentTransform": "0,0",
    "Margin": "0,0,0,0",
    "RenderColor": "255,255,255,255",
    "Alignments": "",
    "DrawBackground": true,
    "MinimumSize": "1,1",
    "MaximumSize": "4096,4096",
    "Disabled": false,
    "Hidden": false,
    "RestrictToParent": false,
    "MouseInputEnabled": true,
    "HideToolTip": false,
    "ToolTipBackground": null,
    "ToolTipFont": null,
    "ToolTipTextColor": "",
    "Children": {
      "CharacterNameLabel": {
        "Bounds": "4,4,212,22",
        "Padding": "0,0,0,0",
        "AlignmentEdgeDistances": "0,0,0,0",
        "AlignmentTransform": "0,0",
        "Margin": "0,0,0,0",
        "RenderColor": "255,255,255,255",
        "Alignments": "",
        "DrawBackground": true,
        "MinimumSize": "1,1",
        "MaximumSize": "4096,4096",
        "Disabled": false,
        "Hidden": false,
        "RestrictToParent": false,
        "MouseInputEnabled": false,
        "HideToolTip": false,
        "ToolTipBackground": null,
        "ToolTipFont": null,
        "ToolTipTextColor": "",
        "BackgroundTemplate": null,
        "TextColor": "255,255,255,255",
        "HoveredTextColor": "",
        "ClickedTextColor": "",
        "DisabledTextColor": "255,90,90,90",
        "TextAlign": "Center",
        "TextPadding": "0,0,0,0",
        "AutoSizeToContents": false,
        "Font": "sourcesansproblack,10",
        "TextScale": 1.0
      },
      "ChatacterInfoLabel": {
        "Bounds": "4,116,212,12",
        "Padding": "0,0,0,0",
        "AlignmentEdgeDistances": "0,0,0,0",
        "AlignmentTransform": "0,0",
        "Margin": "0,0,0,0",
        "RenderColor": "255,255,255,255",
        "Alignments": "",
        "DrawBackground": true,
        "MinimumSize": "1,1",
        "MaximumSize": "4096,4096",
        "Disabled": false,
        "Hidden": false,
        "RestrictToParent": false,
        "MouseInputEnabled": false,
        "HideToolTip": false,
        "ToolTipBackground": null,
        "ToolTipFont": null,
        "ToolTipTextColor": "",
        "BackgroundTemplate": null,
        "TextColor": "255,255,255,255",
        "HoveredTextColor": "",
        "ClickedTextColor": "",
        "DisabledTextColor": "255,90,90,90",
        "TextAlign": "Center",
        "TextPadding": "0,0,0,0",
        "AutoSizeToContents": false,
        "Font": "sourcesansproblack,10",
        "TextScale": 1.0
      },
      "CharacterContainer": {
        "Bounds": "60,18,100,100",
        "Padding": "0,0,0,0",
        "AlignmentEdgeDistances": "0,0,0,0",
        "AlignmentTransform": "0,0",
        "Margin": "0,0,0,0",
        "RenderColor": "255,255,255,255",
        "Alignments": "CenterH",
        "DrawBackground": true,
        "MinimumSize": "1,1",
        "MaximumSize": "4096,4096",
        "Disabled": false,
        "Hidden": false,
        "RestrictToParent": false,
        "MouseInputEnabled": true,
        "HideToolTip": false,
        "ToolTipBackground": null,
        "ToolTipFont": null,
        "ToolTipTextColor": "",
        "Texture": "",
        "HoverSound": null,
        "LeftMouseClickSound": null,
        "RightMouseClickSound": null
      },
      "EquipmentLabel": {
        "Bounds": "4,126,66,15",
        "Padding": "0,0,0,0",
        "AlignmentEdgeDistances": "0,0,0,0",
        "AlignmentTransform": "0,0",
        "Margin": "0,0,0,0",
        "RenderColor": "255,255,255,255",
        "Alignments": "",
        "DrawBackground": true,
        "MinimumSize": "1,1",
        "MaximumSize": "4096,4096",
        "Disabled": false,
        "Hidden": true,
        "RestrictToParent": false,
        "MouseInputEnabled": false,
        "HideToolTip": false,
        "ToolTipBackground": null,
        "ToolTipFont": null,
        "ToolTipTextColor": "",
        "BackgroundTemplate": null,
        "TextColor": "255,255,255,255",
        "HoveredTextColor": "",
        "ClickedTextColor": "",
        "DisabledTextColor": "255,90,90,90",
        "TextAlign": "Left, Top",
        "TextPadding": "0,0,0,0",
        "AutoSizeToContents": true,
        "Font": "arial,10",
        "TextScale": 1.0
      },
      "StatsLabel": {
        "Bounds": "4,188,34,16",
        "Padding": "0,0,0,0",
        "AlignmentEdgeDistances": "0,0,0,0",
        "AlignmentTransform": "0,0",
        "Margin": "0,0,0,0",
        "RenderColor": "255,255,255,255",
        "Alignments": "",
        "DrawBackground": true,
        "MinimumSize": "1,1",
        "MaximumSize": "4096,4096",
        "Disabled": false,
        "Hidden": false,
        "RestrictToParent": false,
        "MouseInputEnabled": false,
        "HideToolTip": false,
        "ToolTipBackground": null,
        "ToolTipFont": null,
        "ToolTipTextColor": "",
        "BackgroundTemplate": null,
        "TextColor": "255,255,255,255",
        "HoveredTextColor": "",
        "ClickedTextColor": "",
        "DisabledTextColor": "255,90,90,90",
        "TextAlign": "Left, Top",
        "TextPadding": "0,0,0,0",
        "AutoSizeToContents": true,
        "Font": "sourcesansproblack,10",
        "TextScale": 1.0
      },
      "AttackLabel": {
        "Bounds": "4,208,1,14",
        "Padding": "0,0,0,0",
        "AlignmentEdgeDistances": "0,0,0,0",
        "AlignmentTransform": "0,0",
        "Margin": "0,0,0,0",
        "RenderColor": "255,255,255,255",
        "Alignments": "",
        "DrawBackground": true,
        "MinimumSize": "1,1",
        "MaximumSize": "4096,4096",
        "Disabled": false,
        "Hidden": false,
        "RestrictToParent": false,
        "MouseInputEnabled": false,
        "HideToolTip": false,
        "ToolTipBackground": null,
        "ToolTipFont": null,
        "ToolTipTextColor": "",
        "BackgroundTemplate": null,
        "TextColor": "255,255,255,255",
        "HoveredTextColor": "",
        "ClickedTextColor": "",
        "DisabledTextColor": "255,90,90,90",
        "TextAlign": "Left, Top",
        "TextPadding": "0,0,0,0",
        "AutoSizeToContents": true,
        "Font": "sourcesansproblack,8",
        "TextScale": 1.0
      },
      "IncreaseAttackButton": {
        "Bounds": "202,211,9,9",
        "Padding": "3,3,3,3",
        "AlignmentEdgeDistances": "0,0,0,0",
        "AlignmentTransform": "0,0",
        "Margin": "0,0,0,0",
        "RenderColor": "255,255,255,255",
        "Alignments": "",
        "DrawBackground": true,
        "MinimumSize": "1,1",
        "MaximumSize": "4096,4096",
        "Disabled": false,
        "Hidden": false,
        "RestrictToParent": false,
        "MouseInputEnabled": true,
        "HideToolTip": false,
        "ToolTipBackground": null,
        "ToolTipFont": null,
        "ToolTipTextColor": "",
        "TextColor": "0,255,255,255",
        "HoveredTextColor": "",
        "ClickedTextColor": "",
        "DisabledTextColor": "255,90,90,90",
        "TextAlign": "Center",
        "TextPadding": "3,3,3,3",
        "AutoSizeToContents": false,
        "Font": "arial,10",
        "TextScale": 1.0,
        "NormalImage": "addstatnormal.png",
        "HoveredImage": "addstathover.png",
        "ClickedImage": "addstatclicked.png",
        "DisabledImage": "",
        "CenterImage": false,
        "HoverSound": "octave-tap-resonant.wav",
        "MouseUpSound": "",
        "MouseDownSound": "octave-tap-warm.wav",
        "ClickSound": ""
      },
      "DefenseLabel": {
        "Bounds": "4,224,1,14",
        "Padding": "0,0,0,0",
        "AlignmentEdgeDistances": "0,0,0,0",
        "AlignmentTransform": "0,0",
        "Margin": "0,0,0,0",
        "RenderColor": "255,255,255,255",
        "Alignments": "",
        "DrawBackground": true,
        "MinimumSize": "1,1",
        "MaximumSize": "4096,4096",
        "Disabled": false,
        "Hidden": false,
        "RestrictToParent": false,
        "MouseInputEnabled": false,
        "HideToolTip": false,
        "ToolTipBackground": null,
        "ToolTipFont": null,
        "ToolTipTextColor": "",
        "BackgroundTemplate": null,
        "TextColor": "255,255,255,255",
        "HoveredTextColor": "",
        "ClickedTextColor": "",
        "DisabledTextColor": "255,90,90,90",
        "TextAlign": "Left, Top",
        "TextPadding": "0,0,0,0",
        "AutoSizeToContents": true,
        "Font": "sourcesansproblack,8",
        "TextScale": 1.0
      },
      "IncreaseDefenseButton": {
        "Bounds": "202,227,9,9",
        "Padding": "3,3,3,3",
        "AlignmentEdgeDistances": "0,0,0,0",
        "AlignmentTransform": "0,0",
        "Margin": "0,0,0,0",
        "RenderColor": "255,255,255,255",
        "Alignments": "",
        "DrawBackground": true,
        "MinimumSize": "1,1",
        "MaximumSize": "4096,4096",
        "Disabled": false,
        "Hidden": false,
        "RestrictToParent": false,
        "MouseInputEnabled": true,
        "HideToolTip": false,
        "ToolTipBackground": null,
        "ToolTipFont": null,
        "ToolTipTextColor": "",
        "TextColor": "0,255,255,255",
        "HoveredTextColor": "",
        "ClickedTextColor": "",
        "DisabledTextColor": "255,90,90,90",
        "TextAlign": "Center",
        "TextPadding": "3,3,3,3",
        "AutoSizeToContents": false,
        "Font": "arial,10",
        "TextScale": 1.0,
        "NormalImage": "addstatnormal.png",
        "HoveredImage": "addstathover.png",
        "ClickedImage": "addstatclicked.png",
        "DisabledImage": "",
        "CenterImage": false,
        "HoverSound": "octave-tap-resonant.wav",
        "MouseUpSound": "",
        "MouseDownSound": "octave-tap-warm.wav",
        "ClickSound": ""
      },
      "SpeedLabel": {
        "Bounds": "4,240,1,14",
        "Padding": "0,0,0,0",
        "AlignmentEdgeDistances": "0,0,0,0",
        "AlignmentTransform": "0,0",
        "Margin": "0,0,0,0",
        "RenderColor": "255,255,255,255",
        "Alignments": "",
        "DrawBackground": true,
        "MinimumSize": "1,1",
        "MaximumSize": "4096,4096",
        "Disabled": false,
        "Hidden": false,
        "RestrictToParent": false,
        "MouseInputEnabled": false,
        "HideToolTip": false,
        "ToolTipBackground": null,
        "ToolTipFont": null,
        "ToolTipTextColor": "",
        "BackgroundTemplate": null,
        "TextColor": "255,255,255,255",
        "HoveredTextColor": "",
        "ClickedTextColor": "",
        "DisabledTextColor": "255,90,90,90",
        "TextAlign": "Left, Top",
        "TextPadding": "0,0,0,0",
        "AutoSizeToContents": true,
        "Font": "sourcesansproblack,8",
        "TextScale": 1.0
      },
      "IncreaseSpeedButton": {
        "Bounds": "202,243,9,9",
        "Padding": "3,3,3,3",
        "AlignmentEdgeDistances": "0,0,0,0",
        "AlignmentTransform": "0,0",
        "Margin": "0,0,0,0",
        "RenderColor": "255,255,255,255",
        "Alignments": "",
        "DrawBackground": true,
        "MinimumSize": "1,1",
        "MaximumSize": "4096,4096",
        "Disabled": false,
        "Hidden": false,
        "RestrictToParent": false,
        "MouseInputEnabled": true,
        "HideToolTip": false,
        "ToolTipBackground": null,
        "ToolTipFont": null,
        "ToolTipTextColor": "",
        "TextColor": "0,255,255,255",
        "HoveredTextColor": "",
        "ClickedTextColor": "",
        "DisabledTextColor": "255,90,90,90",
        "TextAlign": "Center",
        "TextPadding": "3,3,3,3",
        "AutoSizeToContents": false,
        "Font": "arial,10",
        "TextScale": 1.0,
        "NormalImage": "addstatnormal.png",
        "HoveredImage": "addstathover.png",
        "ClickedImage": "addstatclicked.png",
        "DisabledImage": "",
        "CenterImage": false,
        "HoverSound": "octave-tap-resonant.wav",
        "MouseUpSound": "",
        "MouseDownSound": "octave-tap-warm.wav",
        "ClickSound": ""
      },
      "AbilityPowerLabel": {
        "Bounds": "4,258,1,14",
        "Padding": "0,0,0,0",
        "AlignmentEdgeDistances": "0,0,0,0",
        "AlignmentTransform": "0,0",
        "Margin": "0,0,0,0",
        "RenderColor": "255,255,255,255",
        "Alignments": "",
        "DrawBackground": true,
        "MinimumSize": "1,1",
        "MaximumSize": "4096,4096",
        "Disabled": false,
        "Hidden": false,
        "RestrictToParent": false,
        "MouseInputEnabled": false,
        "HideToolTip": false,
        "ToolTipBackground": null,
        "ToolTipFont": null,
        "ToolTipTextColor": "",
        "BackgroundTemplate": null,
        "TextColor": "255,255,255,255",
        "HoveredTextColor": "",
        "ClickedTextColor": "",
        "DisabledTextColor": "255,90,90,90",
        "TextAlign": "Left, Top",
        "TextPadding": "0,0,0,0",
        "AutoSizeToContents": true,
        "Font": "sourcesansproblack,8",
        "TextScale": 1.0
      },
      "IncreaseAbilityPowerButton": {
        "Bounds": "202,261,9,9",
        "Padding": "3,3,3,3",
        "AlignmentEdgeDistances": "0,0,0,0",
        "AlignmentTransform": "0,0",
        "Margin": "0,0,0,0",
        "RenderColor": "255,255,255,255",
        "Alignments": "",
        "DrawBackground": true,
        "MinimumSize": "1,1",
        "MaximumSize": "4096,4096",
        "Disabled": false,
        "Hidden": false,
        "RestrictToParent": false,
        "MouseInputEnabled": true,
        "HideToolTip": false,
        "ToolTipBackground": null,
        "ToolTipFont": null,
        "ToolTipTextColor": "",
        "TextColor": "0,255,255,255",
        "HoveredTextColor": "",
        "ClickedTextColor": "",
        "DisabledTextColor": "255,90,90,90",
        "TextAlign": "Center",
        "TextPadding": "3,3,3,3",
        "AutoSizeToContents": false,
        "Font": "arial,10",
        "TextScale": 1.0,
        "NormalImage": "addstatnormal.png",
        "HoveredImage": "addstathover.png",
        "ClickedImage": "addstatclicked.png",
        "DisabledImage": "",
        "CenterImage": false,
        "HoverSound": "octave-tap-resonant.wav",
        "MouseUpSound": "",
        "MouseDownSound": "octave-tap-warm.wav",
        "ClickSound": ""
      },
      "MagicResistLabel": {
        "Bounds": "4,275,1,14",
        "Padding": "0,0,0,0",
        "AlignmentEdgeDistances": "0,0,0,0",
        "AlignmentTransform": "0,0",
        "Margin": "0,0,0,0",
        "RenderColor": "255,255,255,255",
        "Alignments": "",
        "DrawBackground": true,
        "MinimumSize": "1,1",
        "MaximumSize": "4096,4096",
        "Disabled": false,
        "Hidden": false,
        "RestrictToParent": false,
        "MouseInputEnabled": false,
        "HideToolTip": false,
        "ToolTipBackground": null,
        "ToolTipFont": null,
        "ToolTipTextColor": "",
        "BackgroundTemplate": null,
        "TextColor": "255,255,255,255",
        "HoveredTextColor": "",
        "ClickedTextColor": "",
        "DisabledTextColor": "255,90,90,90",
        "TextAlign": "Left, Top",
        "TextPadding": "0,0,0,0",
        "AutoSizeToContents": true,
        "Font": "sourcesansproblack,8",
        "TextScale": 1.0
      },
      "IncreaseMagicResistButton": {
        "Bounds": "202,278,9,9",
        "Padding": "3,3,3,3",
        "AlignmentEdgeDistances": "0,0,0,0",
        "AlignmentTransform": "0,0",
        "Margin": "0,0,0,0",
        "RenderColor": "255,255,255,255",
        "Alignments": "",
        "DrawBackground": true,
        "MinimumSize": "1,1",
        "MaximumSize": "4096,4096",
        "Disabled": false,
        "Hidden": false,
        "RestrictToParent": false,
        "MouseInputEnabled": true,
        "HideToolTip": false,
        "ToolTipBackground": null,
        "ToolTipFont": null,
        "ToolTipTextColor": "",
        "TextColor": "0,255,255,255",
        "HoveredTextColor": "",
        "ClickedTextColor": "",
        "DisabledTextColor": "255,90,90,90",
        "TextAlign": "Center",
        "TextPadding": "3,3,3,3",
        "AutoSizeToContents": false,
        "Font": "arial,10",
        "TextScale": 1.0,
        "NormalImage": "addstatnormal.png",
        "HoveredImage": "addstathover.png",
        "ClickedImage": "addstatclicked.png",
        "DisabledImage": "",
        "CenterImage": false,
        "HoverSound": "octave-tap-resonant.wav",
        "MouseUpSound": "",
        "MouseDownSound": "octave-tap-warm.wav",
        "ClickSound": ""
      },
      "PointsLabel": {
        "Bounds": "4,292,1,14",
        "Padding": "0,0,0,0",
        "AlignmentEdgeDistances": "0,0,0,0",
        "AlignmentTransform": "0,0",
        "Margin": "0,0,0,0",
        "RenderColor": "255,255,255,255",
        "Alignments": "",
        "DrawBackground": true,
        "MinimumSize": "1,1",
        "MaximumSize": "4096,4096",
        "Disabled": false,
        "Hidden": false,
        "RestrictToParent": false,
        "MouseInputEnabled": false,
        "HideToolTip": false,
        "ToolTipBackground": null,
        "ToolTipFont": null,
        "ToolTipTextColor": "",
        "BackgroundTemplate": null,
        "TextColor": "255,255,255,255",
        "HoveredTextColor": "",
        "ClickedTextColor": "",
        "DisabledTextColor": "255,90,90,90",
        "TextAlign": "Left, Top",
        "TextPadding": "0,0,0,0",
        "AutoSizeToContents": true,
        "Font": "sourcesansproblack,8",
        "TextScale": 1.0
      },
      "EquipmentItem0": {
        "Bounds": "8,144,36,36",
        "Padding": "0,0,0,0",
        "AlignmentEdgeDistances": "0,0,0,0",
        "AlignmentTransform": "0,0",
        "Margin": "0,0,0,0",
        "RenderColor": "255,255,255,255",
        "Alignments": "",
        "DrawBackground": true,
        "MinimumSize": "1,1",
        "MaximumSize": "4096,4096",
        "Disabled": false,
        "Hidden": false,
        "RestrictToParent": false,
        "MouseInputEnabled": true,
        "HideToolTip": false,
        "ToolTipBackground": "tooltip.png",
        "ToolTipFont": "sourcesansproblack,10",
        "ToolTipTextColor": "255,255,255,255",
        "Texture": "equipmentitem.png",
        "HoverSound": null,
        "LeftMouseClickSound": null,
        "RightMouseClickSound": null,
        "Children": {
          "EquipmentIcon": {
            "Bounds": "2,2,32,32",
            "Padding": "0,0,0,0",
            "AlignmentEdgeDistances": "0,0,0,0",
            "AlignmentTransform": "0,0",
            "Margin": "0,0,0,0",
            "RenderColor": "255,255,255,255",
            "Alignments": "",
            "DrawBackground": true,
            "MinimumSize": "1,1",
            "MaximumSize": "4096,4096",
            "Disabled": false,
            "Hidden": false,
            "RestrictToParent": false,
            "MouseInputEnabled": false,
            "HideToolTip": false,
            "ToolTipBackground": null,
            "ToolTipFont": null,
            "ToolTipTextColor": "",
            "Texture": null,
            "HoverSound": null,
            "LeftMouseClickSound": null,
            "RightMouseClickSound": null
          }
        }
      },
      "EquipmentItem1": {
        "Bounds": "50,144,36,36",
        "Padding": "0,0,0,0",
        "AlignmentEdgeDistances": "0,0,0,0",
        "AlignmentTransform": "0,0",
        "Margin": "0,0,0,0",
        "RenderColor": "255,255,255,255",
        "Alignments": "",
        "DrawBackground": true,
        "MinimumSize": "1,1",
        "MaximumSize": "4096,4096",
        "Disabled": false,
        "Hidden": false,
        "RestrictToParent": false,
        "MouseInputEnabled": true,
        "HideToolTip": false,
        "ToolTipBackground": "tooltip.png",
        "ToolTipFont": "sourcesansproblack,10",
        "ToolTipTextColor": "255,255,255,255",
        "Texture": "equipmentitem.png",
        "HoverSound": null,
        "LeftMouseClickSound": null,
        "RightMouseClickSound": null,
        "Children": {
          "EquipmentIcon": {
            "Bounds": "2,2,32,32",
            "Padding": "0,0,0,0",
            "AlignmentEdgeDistances": "0,0,0,0",
            "AlignmentTransform": "0,0",
            "Margin": "0,0,0,0",
            "RenderColor": "255,255,255,255",
            "Alignments": "",
            "DrawBackground": true,
            "MinimumSize": "1,1",
            "MaximumSize": "4096,4096",
            "Disabled": false,
            "Hidden": false,
            "RestrictToParent": false,
            "MouseInputEnabled": false,
            "HideToolTip": false,
            "ToolTipBackground": null,
            "ToolTipFont": null,
            "ToolTipTextColor": "",
            "Texture": null,
            "HoverSound": null,
            "LeftMouseClickSound": null,
            "RightMouseClickSound": null
          }
        }
      },
      "EquipmentItem2": {
        "Bounds": "92,144,36,36",
        "Padding": "0,0,0,0",
        "AlignmentEdgeDistances": "0,0,0,0",
        "AlignmentTransform": "0,0",
        "Margin": "0,0,0,0",
        "RenderColor": "255,255,255,255",
        "Alignments": "",
        "DrawBackground": true,
        "MinimumSize": "1,1",
        "MaximumSize": "4096,4096",
        "Disabled": false,
        "Hidden": false,
        "RestrictToParent": false,
        "MouseInputEnabled": true,
        "HideToolTip": false,
        "ToolTipBackground": "tooltip.png",
        "ToolTipFont": "sourcesansproblack,10",
        "ToolTipTextColor": "255,255,255,255",
        "Texture": "equipmentitem.png",
        "HoverSound": null,
        "LeftMouseClickSound": null,
        "RightMouseClickSound": null,
        "Children": {
          "EquipmentIcon": {
            "Bounds": "2,2,32,32",
            "Padding": "0,0,0,0",
            "AlignmentEdgeDistances": "0,0,0,0",
            "AlignmentTransform": "0,0",
            "Margin": "0,0,0,0",
            "RenderColor": "255,255,255,255",
            "Alignments": "",
            "DrawBackground": true,
            "MinimumSize": "1,1",
            "MaximumSize": "4096,4096",
            "Disabled": false,
            "Hidden": false,
            "RestrictToParent": false,
            "MouseInputEnabled": false,
            "HideToolTip": false,
            "ToolTipBackground": null,
            "ToolTipFont": null,
            "ToolTipTextColor": "",
            "Texture": null,
            "HoverSound": null,
            "LeftMouseClickSound": null,
            "RightMouseClickSound": null
          }
        }
      },
      "EquipmentItem3": {
        "Bounds": "134,144,36,36",
        "Padding": "0,0,0,0",
        "AlignmentEdgeDistances": "0,0,0,0",
        "AlignmentTransform": "0,0",
        "Margin": "0,0,0,0",
        "RenderColor": "255,255,255,255",
        "Alignments": "",
        "DrawBackground": true,
        "MinimumSize": "1,1",
        "MaximumSize": "4096,4096",
        "Disabled": false,
        "Hidden": false,
        "RestrictToParent": false,
        "MouseInputEnabled": true,
        "HideToolTip": false,
        "ToolTipBackground": "tooltip.png",
        "ToolTipFont": "sourcesansproblack,10",
        "ToolTipTextColor": "255,255,255,255",
        "Texture": "equipmentitem.png",
        "HoverSound": null,
        "LeftMouseClickSound": null,
        "RightMouseClickSound": null,
        "Children": {
          "EquipmentIcon": {
            "Bounds": "2,2,32,32",
            "Padding": "0,0,0,0",
            "AlignmentEdgeDistances": "0,0,0,0",
            "AlignmentTransform": "0,0",
            "Margin": "0,0,0,0",
            "RenderColor": "255,255,255,255",
            "Alignments": "",
            "DrawBackground": true,
            "MinimumSize": "1,1",
            "MaximumSize": "4096,4096",
            "Disabled": false,
            "Hidden": false,
            "RestrictToParent": false,
            "MouseInputEnabled": false,
            "HideToolTip": false,
            "ToolTipBackground": null,
            "ToolTipFont": null,
            "ToolTipTextColor": "",
            "Texture": null,
            "HoverSound": null,
            "LeftMouseClickSound": null,
            "RightMouseClickSound": null
          }
        }
      },
      "EquipmentItem4": {
        "Bounds": "176,144,36,36",
        "Padding": "0,0,0,0",
        "AlignmentEdgeDistances": "0,0,0,0",
        "AlignmentTransform": "0,0",
        "Margin": "0,0,0,0",
        "RenderColor": "255,255,255,255",
        "Alignments": "",
        "DrawBackground": true,
        "MinimumSize": "1,1",
        "MaximumSize": "4096,4096",
        "Disabled": false,
        "Hidden": false,
        "RestrictToParent": false,
        "MouseInputEnabled": true,
        "HideToolTip": false,
        "ToolTipBackground": "tooltip.png",
        "ToolTipFont": "sourcesansproblack,10",
        "ToolTipTextColor": "255,255,255,255",
        "Texture": "equipmentitem.png",
        "HoverSound": null,
        "LeftMouseClickSound": null,
        "RightMouseClickSound": null,
        "Children": {
          "EquipmentIcon": {
            "Bounds": "2,2,32,32",
            "Padding": "0,0,0,0",
            "AlignmentEdgeDistances": "0,0,0,0",
            "AlignmentTransform": "0,0",
            "Margin": "0,0,0,0",
            "RenderColor": "255,255,255,255",
            "Alignments": "",
            "DrawBackground": true,
            "MinimumSize": "1,1",
            "MaximumSize": "4096,4096",
            "Disabled": false,
            "Hidden": false,
            "RestrictToParent": false,
            "MouseInputEnabled": false,
            "HideToolTip": false,
            "ToolTipBackground": null,
            "ToolTipFont": null,
            "ToolTipTextColor": "",
            "Texture": null,
            "HoverSound": null,
            "LeftMouseClickSound": null,
            "RightMouseClickSound": null
          }
        }
      }
    }
  }
}