{
  "Bounds": "860,853,32,32",
  "Padding": "0,0,0,0",
  "AlignmentEdgeDistances": "0,0,0,0",
  "AlignmentTransform": "0,0",
  "Margin": "0,0,0,0",
  "RenderColor": "255,255,255,255",
  "Alignments": "",
  "DrawBackground": true,
  "MinimumSize": "1,1",
  "MaximumSize": "4096,4096",
  "Disabled": false,
  "Hidden": false,
  "RestrictToParent": false,
  "MouseInputEnabled": true,
  "HideToolTip": false,
  "ToolTipBackground": null,
  "ToolTipFont": null,
  "ToolTipTextColor": "",
  "Texture": "",
  "HoverSound": null,
  "LeftMouseClickSound": null,
  "RightMouseClickSound": null
}