{
  "Bounds": "0,0,34,34",
  "Padding": "2,2,2,2",
  "AlignmentEdgeDistances": "0,0,0,0",
  "AlignmentTransform": "0,0",
  "Margin": "0,0,0,0",
  "RenderColor": "255,255,255,255",
  "Alignments": "",
  "DrawBackground": true,
  "MinimumSize": "1,1",
  "MaximumSize": "4096,4096",
  "Disabled": false,
  "Hidden": false,
  "RestrictToParent": false,
  "MouseInputEnabled": true,
  "HideToolTip": false,
  "Texture": "equipmentitem.png",
  "Children": {
    "EquipmentIcon": {
      "Bounds": "1,1,32,32",
      "Padding": "0,0,0,0",
      "AlignmentEdgeDistances": "0,0,0,0",
      "AlignmentTransform": "0,0",
      "Margin": "0,0,0,0",
      "RenderColor": "255,255,255,255",
      "Alignments": "Center",
      "DrawBackground": true,
      "MinimumSize": "1,1",
      "MaximumSize": "4096,4096",
      "Disabled": false,
      "Hidden": false,
      "RestrictToParent": false,
      "MouseInputEnabled": false,
      "HideToolTip": false,
      "Texture": "",
	        "HoverSound": "octave-tap-resonant.wav",
			"RightMouseClickSound": "octave-beep-tapped.wav",

    }
  }
}