{
  "Bounds": "174,233,452,213",
  "Padding": "0,0,0,0",
  "AlignmentEdgeDistances": "0,0,0,0",
  "AlignmentTransform": "0,40",
  "Margin": "0,0,0,0",
  "RenderColor": "255,255,255,255",
  "Alignments": "Center",
  "DrawBackground": true,
  "MinimumSize": "1,1",
  "MaximumSize": "4096,4096",
  "Disabled": false,
  "Hidden": false,
  "RestrictToParent": true,
  "MouseInputEnabled": true,
  "HideToolTip": false,
  "ToolTipBackground": null,
  "ToolTipFont": null,
  "ToolTipTextColor": "",
  "Texture": "ingame_menu.png",
  "HoverSound": null,
  "LeftMouseClickSound": null,
  "RightMouseClickSound": null,
  "Children": {
    "TitleLabel": {
      "Bounds": "0,0,512,393",
      "Padding": "0,0,0,0",
      "AlignmentEdgeDistances": "0,0,0,0",
      "AlignmentTransform": "0,0",
      "Margin": "0,0,0,0",
      "RenderColor": "255,255,255,255",
      "Alignments": "",
      "DrawBackground": true,
      "MinimumSize": "1,1",
      "MaximumSize": "4096,4096",
      "Disabled": false,
      "Hidden": false,
      "RestrictToParent": false,
      "MouseInputEnabled": false,
      "HideToolTip": false,
      "ToolTipBackground": null,
      "ToolTipFont": null,
      "ToolTipTextColor": "",
      "BackgroundTemplate": null,
      "TextColor": "255,225,225,225",
      "HoveredTextColor": "",
      "ClickedTextColor": "",
      "DisabledTextColor": "255,90,90,90",
      "TextAlign": "Left",
      "TextPadding": "25,8,0,0",
      "AutoSizeToContents": false,
      "Font": "sourcesansproblack,12",
      "TextScale": 1.0
    },
    "OptionsButton": {
      "Bounds": "7,48,87,154",
      "Padding": "3,3,3,3",
      "AlignmentEdgeDistances": "0,0,0,0",
      "AlignmentTransform": "0,0",
      "Margin": "0,0,0,0",
      "RenderColor": "255,255,255,255",
      "Alignments": "",
      "DrawBackground": true,
      "MinimumSize": "1,1",
      "MaximumSize": "4096,4096",
      "Disabled": false,
      "Hidden": false,
      "RestrictToParent": false,
      "MouseInputEnabled": true,
      "HideToolTip": false,
      "ToolTipBackground": null,
      "ToolTipFont": null,
      "ToolTipTextColor": "",
      "TextColor": "255,225,225,225",
      "HoveredTextColor": "255,225,225,225",
      "ClickedTextColor": "255,225,225,225",
      "DisabledTextColor": "255,225,225,225",
      "TextAlign": "Center",
      "TextPadding": "3,10,3,3",
      "AutoSizeToContents": false,
      "Font": "sourcesansproblack,12",
      "TextScale": 1.0,
      "NormalImage": "ingame_settings.png",
      "HoveredImage": "ingame_settings_hovered.png",
      "ClickedImage": "ingame_settings_clicked.png",
      "DisabledImage": "ingame_settings_disabled.png",
      "CenterImage": false,
      "HoverSound": "octave-tap-resonant.wav",
      "MouseUpSound": "",
      "MouseDownSound": "octave-tap-warm.wav",
      "ClickSound": ""
    },
    "CharacterSelectButton": {
      "Bounds": "94,48,87,154",
      "Padding": "3,3,3,3",
      "AlignmentEdgeDistances": "0,0,0,0",
      "AlignmentTransform": "0,0",
      "Margin": "0,0,0,0",
      "RenderColor": "255,255,255,255",
      "Alignments": "",
      "DrawBackground": true,
      "MinimumSize": "1,1",
      "MaximumSize": "4096,4096",
      "Disabled": false,
      "Hidden": false,
      "RestrictToParent": false,
      "MouseInputEnabled": true,
      "HideToolTip": false,
      "ToolTipBackground": null,
      "ToolTipFont": null,
      "ToolTipTextColor": "",
      "TextColor": "255,225,225,225",
      "HoveredTextColor": "255,225,225,225",
      "ClickedTextColor": "255,225,225,225",
      "DisabledTextColor": "255,225,225,225",
      "TextAlign": "Center",
      "TextPadding": "3,10,3,3",
      "AutoSizeToContents": false,
      "Font": "sourcesansproblack,12",
      "TextScale": 1.0,
      "NormalImage": "ingame_charselect.png",
      "HoveredImage": "ingame_charselect_hovered.png",
      "ClickedImage": "ingame_charselect_clicked.png",
      "DisabledImage": "ingame_charselect_disabled.png",
      "CenterImage": false,
      "HoverSound": "octave-tap-resonant.wav",
      "MouseUpSound": "",
      "MouseDownSound": "octave-tap-warm.wav",
      "ClickSound": ""
    },
    "LogoutButton": {
      "Bounds": "182,48,87,154",
      "Padding": "3,3,3,3",
      "AlignmentEdgeDistances": "0,0,0,0",
      "AlignmentTransform": "0,0",
      "Margin": "0,0,0,0",
      "RenderColor": "255,255,255,255",
      "Alignments": "",
      "DrawBackground": true,
      "MinimumSize": "1,1",
      "MaximumSize": "4096,4096",
      "Disabled": false,
      "Hidden": false,
      "RestrictToParent": false,
      "MouseInputEnabled": true,
      "HideToolTip": false,
      "ToolTipBackground": null,
      "ToolTipFont": null,
      "ToolTipTextColor": "",
      "TextColor": "255,225,225,225",
      "HoveredTextColor": "255,225,225,225",
      "ClickedTextColor": "255,225,225,225",
      "DisabledTextColor": "255,225,225,225",
      "TextAlign": "Center",
      "TextPadding": "3,10,3,3",
      "AutoSizeToContents": false,
      "Font": "sourcesansproblack,12",
      "TextScale": 1.0,
      "NormalImage": "ingame_logout.png",
      "HoveredImage": "ingame_logout_hovered.png",
      "ClickedImage": "ingame_logout_clicked.png",
      "DisabledImage": "ingame_logout_disabled.png",
      "CenterImage": false,
      "HoverSound": "octave-tap-resonant.wav",
      "MouseUpSound": "",
      "MouseDownSound": "octave-tap-warm.wav",
      "ClickSound": ""
    },
    "ExitToDesktopButton": {
      "Bounds": "270,48,87,154",
      "Padding": "3,3,3,3",
      "AlignmentEdgeDistances": "0,0,0,0",
      "AlignmentTransform": "0,0",
      "Margin": "0,0,0,0",
      "RenderColor": "255,255,255,255",
      "Alignments": "",
      "DrawBackground": true,
      "MinimumSize": "1,1",
      "MaximumSize": "4096,4096",
      "Disabled": false,
      "Hidden": false,
      "RestrictToParent": false,
      "MouseInputEnabled": true,
      "HideToolTip": false,
      "ToolTipBackground": null,
      "ToolTipFont": null,
      "ToolTipTextColor": "",
      "TextColor": "255,225,225,225",
      "HoveredTextColor": "255,225,225,225",
      "ClickedTextColor": "255,225,225,225",
      "DisabledTextColor": "255,225,225,225",
      "TextAlign": "Center",
      "TextPadding": "3,10,3,3",
      "AutoSizeToContents": false,
      "Font": "sourcesansproblack,12",
      "TextScale": 1.0,
      "NormalImage": "ingame_exitdesktop.png",
      "HoveredImage": "ingame_exitdesktop_hovered.png",
      "ClickedImage": "ingame_exitdesktop_clicked.png",
      "DisabledImage": "ingame_exitdesktop_disabled.png",
      "CenterImage": false,
      "HoverSound": "octave-tap-resonant.wav",
      "MouseUpSound": "",
      "MouseDownSound": "octave-beep-tapped.wav",
      "ClickSound": ""
    },
    "CloseButton": {
      "Bounds": "358,48,87,154",
      "Padding": "3,3,3,3",
      "AlignmentEdgeDistances": "0,0,0,0",
      "AlignmentTransform": "0,0",
      "Margin": "0,0,0,0",
      "RenderColor": "255,255,255,255",
      "Alignments": "",
      "DrawBackground": true,
      "MinimumSize": "1,1",
      "MaximumSize": "4096,4096",
      "Disabled": false,
      "Hidden": false,
      "RestrictToParent": false,
      "MouseInputEnabled": true,
      "HideToolTip": false,
      "ToolTipBackground": null,
      "ToolTipFont": null,
      "ToolTipTextColor": "",
      "TextColor": "255,225,225,225",
      "HoveredTextColor": "255,225,225,225",
      "ClickedTextColor": "255,225,225,225",
      "DisabledTextColor": "255,225,225,225",
      "TextAlign": "Center",
      "TextPadding": "3,10,3,3",
      "AutoSizeToContents": false,
      "Font": "sourcesansproblack,12",
      "TextScale": 1.0,
      "NormalImage": "ingame_closemenu.png",
      "HoveredImage": "ingame_closemenu_hovered.png",
      "ClickedImage": "ingame_closemenu_clicked.png",
      "DisabledImage": "ingame_closemenu_disabled.png",
      "CenterImage": false,
      "HoverSound": "octave-tap-resonant.wav",
      "MouseUpSound": "",
      "MouseDownSound": "octave-beep-tapped.wav",
      "ClickSound": ""
    }
  }
}