{
  "Bounds": "423,234,520,300",
  "Padding": "0,0,0,0",
  "AlignmentEdgeDistances": "0,0,0,0",
  "AlignmentTransform": "0,0",
  "Margin": "0,0,0,0",
  "RenderColor": "255,255,255,255",
  "Alignments": "Center",
  "DrawBackground": true,
  "MinimumSize": "1,1",
  "MaximumSize": "4096,4096",
  "Disabled": false,
  "Hidden": false,
  "RestrictToParent": false,
  "MouseInputEnabled": true,
  "HideToolTip": false,
  "ToolTipBackground": null,
  "ToolTipFont": null,
  "ToolTipTextColor": "",
  "Texture": "event4.png",
  "Children": {
    "EventFacePanel": {
      "Bounds": "16,14,80,80",
      "Padding": "0,0,0,0",
      "AlignmentEdgeDistances": "0,0,0,0",
      "AlignmentTransform": "0,0",
      "Margin": "0,0,0,0",
      "RenderColor": "255,255,255,255",
      "Alignments": "",
      "DrawBackground": true,
      "MinimumSize": "1,1",
      "MaximumSize": "4096,4096",
      "Disabled": false,
      "Hidden": true,
      "RestrictToParent": false,
      "MouseInputEnabled": true,
      "HideToolTip": false,
      "ToolTipBackground": null,
      "ToolTipFont": null,
      "ToolTipTextColor": "",
      "Texture": ""
    },
    "EventDialogArea": {
      "Bounds": "106,14,402,80",
      "Padding": "0,0,0,0",
      "AlignmentEdgeDistances": "0,0,0,0",
      "AlignmentTransform": "0,0",
      "Margin": "0,0,0,0",
      "RenderColor": "255,255,255,255",
      "Alignments": "",
      "DrawBackground": true,
      "MinimumSize": "1,1",
      "MaximumSize": "4096,4096",
      "Disabled": false,
      "Hidden": true,
      "RestrictToParent": false,
      "MouseInputEnabled": false,
      "HideToolTip": false,
      "ToolTipBackground": null,
      "ToolTipFont": null,
      "ToolTipTextColor": "",
      "CanScrollH": false,
      "CanScrollV": true,
      "AutoHideBars": false,
      "InnerPanel": {
        "Bounds": "0,0,387,900",
        "Padding": "0,0,0,0",
        "AlignmentEdgeDistances": "0,0,0,0",
        "AlignmentTransform": "0,0",
        "Margin": "5,5,5,5",
        "RenderColor": "255,255,255,255",
        "Alignments": "",
        "DrawBackground": true,
        "MinimumSize": "1,1",
        "MaximumSize": "4096,4096",
        "Disabled": false,
        "Hidden": false,
        "RestrictToParent": false,
        "MouseInputEnabled": false,
        "HideToolTip": false,
        "ToolTipBackground": null,
        "ToolTipFont": null,
        "ToolTipTextColor": "",
        "Children": {
          "EventDialogLabel": {
            "Bounds": "0,0,1,16",
            "Padding": "0,0,0,0",
            "AlignmentEdgeDistances": "0,0,0,0",
            "AlignmentTransform": "0,0",
            "Margin": "0,0,0,0",
            "RenderColor": "255,255,255,255",
            "Alignments": "",
            "DrawBackground": true,
            "MinimumSize": "1,1",
            "MaximumSize": "4096,4096",
            "Disabled": false,
            "Hidden": false,
            "RestrictToParent": false,
            "MouseInputEnabled": false,
            "HideToolTip": false,
            "ToolTipBackground": null,
            "ToolTipFont": null,
            "ToolTipTextColor": "",
            "BackgroundTemplate": null,
            "TextColor": "255,255,255,255",
            "HoveredTextColor": "",
            "ClickedTextColor": "",
            "DisabledTextColor": "255,90,90,90",
            "TextAlign": "Left, Top",
            "TextPadding": "0,0,0,0",
            "AutoSizeToContents": true,
            "Font": "sourcesansproblack,10",
            "TextScale": 1.0
          }
        }
      },
      "HorizontalScrollBar": {
        "Bounds": "0,0,15,15",
        "Padding": "0,0,0,0",
        "AlignmentEdgeDistances": "0,0,0,0",
        "AlignmentTransform": "0,0",
        "Margin": "0,0,0,0",
        "RenderColor": "255,255,255,255",
        "Alignments": "",
        "DrawBackground": true,
        "MinimumSize": "1,1",
        "MaximumSize": "4096,4096",
        "Disabled": false,
        "Hidden": true,
        "RestrictToParent": false,
        "MouseInputEnabled": true,
        "HideToolTip": false,
        "ToolTipBackground": null,
        "ToolTipFont": null,
        "ToolTipTextColor": "",
        "BackgroundTemplate": null,
        "UpOrLeftButton": {
          "Bounds": "0,0,100,20",
          "Padding": "0,0,0,0",
          "AlignmentEdgeDistances": "0,0,0,0",
          "AlignmentTransform": "0,0",
          "Margin": "0,0,0,0",
          "RenderColor": "255,255,255,255",
          "Alignments": "",
          "DrawBackground": true,
          "MinimumSize": "1,1",
          "MaximumSize": "4096,4096",
          "Disabled": false,
          "Hidden": false,
          "RestrictToParent": false,
          "MouseInputEnabled": true,
          "HideToolTip": false,
          "ToolTipBackground": null,
          "ToolTipFont": null,
          "ToolTipTextColor": "",
          "TextColor": "0,255,255,255",
          "HoveredTextColor": "",
          "ClickedTextColor": "",
          "DisabledTextColor": "255,90,90,90",
          "TextAlign": "Center",
          "TextPadding": "3,3,3,3",
          "AutoSizeToContents": false,
          "Font": "arial,10",
          "TextScale": 1.0,
          "NormalImage": "",
          "HoveredImage": "",
          "ClickedImage": "",
          "DisabledImage": "",
          "CenterImage": false,
          "HoverSound": "octave-tap-resonant.wav",
          "MouseUpSound": "",
          "MouseDownSound": "octave-tap-warm.wav",
          "ClickSound": ""
        },
        "Bar": {
          "Bounds": "0,0,10,10",
          "Padding": "0,0,0,0",
          "AlignmentEdgeDistances": "0,0,0,0",
          "AlignmentTransform": "0,0",
          "Margin": "0,0,0,0",
          "RenderColor": "255,255,255,255",
          "Alignments": "",
          "DrawBackground": true,
          "MinimumSize": "1,1",
          "MaximumSize": "4096,4096",
          "Disabled": false,
          "Hidden": false,
          "RestrictToParent": true,
          "MouseInputEnabled": true,
          "HideToolTip": false,
          "ToolTipBackground": null,
          "ToolTipFont": null,
          "ToolTipTextColor": "",
          "NormalImage": "",
          "HoveredImage": "",
          "ClickedImage": "",
          "DisabledImage": "",
          "HoverSound": "octave-tap-resonant.wav",
          "MouseUpSound": "octave-tap-professional.wav",
          "MouseDownSound": "octave-tap-professional.wav"
        },
        "DownOrRightButton": {
          "Bounds": "0,0,100,20",
          "Padding": "0,0,0,0",
          "AlignmentEdgeDistances": "0,0,0,0",
          "AlignmentTransform": "0,0",
          "Margin": "0,0,0,0",
          "RenderColor": "255,255,255,255",
          "Alignments": "",
          "DrawBackground": true,
          "MinimumSize": "1,1",
          "MaximumSize": "4096,4096",
          "Disabled": false,
          "Hidden": false,
          "RestrictToParent": false,
          "MouseInputEnabled": true,
          "HideToolTip": false,
          "ToolTipBackground": null,
          "ToolTipFont": null,
          "ToolTipTextColor": "",
          "TextColor": "0,255,255,255",
          "HoveredTextColor": "",
          "ClickedTextColor": "",
          "DisabledTextColor": "255,90,90,90",
          "TextAlign": "Center",
          "TextPadding": "3,3,3,3",
          "AutoSizeToContents": false,
          "Font": "arial,10",
          "TextScale": 1.0,
          "NormalImage": "",
          "HoveredImage": "",
          "ClickedImage": "",
          "DisabledImage": "",
          "CenterImage": false,
          "HoverSound": "octave-tap-resonant.wav",
          "MouseUpSound": "",
          "MouseDownSound": "octave-tap-warm.wav",
          "ClickSound": ""
        }
      },
      "VerticalScrollBar": {
        "Bounds": "0,0,15,15",
        "Padding": "0,0,0,0",
        "AlignmentEdgeDistances": "0,0,0,0",
        "AlignmentTransform": "0,0",
        "Margin": "0,0,0,0",
        "RenderColor": "255,255,255,255",
        "Alignments": "",
        "DrawBackground": true,
        "MinimumSize": "1,1",
        "MaximumSize": "4096,4096",
        "Disabled": false,
        "Hidden": false,
        "RestrictToParent": false,
        "MouseInputEnabled": true,
        "HideToolTip": false,
        "ToolTipBackground": null,
        "ToolTipFont": null,
        "ToolTipTextColor": "",
        "BackgroundTemplate": "scrollbarbg.png",
        "UpOrLeftButton": {
          "Bounds": "0,0,100,20",
          "Padding": "3,3,3,3",
          "AlignmentEdgeDistances": "0,0,0,0",
          "AlignmentTransform": "0,0",
          "Margin": "0,0,0,0",
          "RenderColor": "255,255,255,255",
          "Alignments": "",
          "DrawBackground": true,
          "MinimumSize": "1,1",
          "MaximumSize": "4096,4096",
          "Disabled": false,
          "Hidden": false,
          "RestrictToParent": false,
          "MouseInputEnabled": true,
          "HideToolTip": false,
          "ToolTipBackground": null,
          "ToolTipFont": null,
          "ToolTipTextColor": "",
          "TextColor": "0,255,255,255",
          "HoveredTextColor": "",
          "ClickedTextColor": "",
          "DisabledTextColor": "255,90,90,90",
          "TextAlign": "Center",
          "TextPadding": "3,3,3,3",
          "AutoSizeToContents": false,
          "Font": "arial,10",
          "TextScale": 1.0,
          "NormalImage": "uparrownormal.png",
          "HoveredImage": "uparrowhover.png",
          "ClickedImage": "uparrowclicked.png",
          "DisabledImage": "",
          "CenterImage": false,
          "HoverSound": "octave-tap-resonant.wav",
          "MouseUpSound": "",
          "MouseDownSound": "octave-tap-warm.wav",
          "ClickSound": ""
        },
        "Bar": {
          "Bounds": "0,0,10,10",
          "Padding": "0,0,0,0",
          "AlignmentEdgeDistances": "0,0,0,0",
          "AlignmentTransform": "0,0",
          "Margin": "0,0,0,0",
          "RenderColor": "255,255,255,255",
          "Alignments": "",
          "DrawBackground": true,
          "MinimumSize": "1,1",
          "MaximumSize": "4096,4096",
          "Disabled": false,
          "Hidden": true,
          "RestrictToParent": true,
          "MouseInputEnabled": true,
          "HideToolTip": false,
          "ToolTipBackground": null,
          "ToolTipFont": null,
          "ToolTipTextColor": "",
          "NormalImage": "scrollbarnormal.png",
          "HoveredImage": "scrollbarhover.png",
          "ClickedImage": "scrollbarclicked.png",
          "DisabledImage": "",
          "HoverSound": "octave-tap-resonant.wav",
          "MouseUpSound": "octave-tap-professional.wav",
          "MouseDownSound": "octave-tap-professional.wav"
        },
        "DownOrRightButton": {
          "Bounds": "0,0,100,20",
          "Padding": "3,3,3,3",
          "AlignmentEdgeDistances": "0,0,0,0",
          "AlignmentTransform": "0,0",
          "Margin": "0,0,0,0",
          "RenderColor": "255,255,255,255",
          "Alignments": "",
          "DrawBackground": true,
          "MinimumSize": "1,1",
          "MaximumSize": "4096,4096",
          "Disabled": false,
          "Hidden": false,
          "RestrictToParent": false,
          "MouseInputEnabled": true,
          "HideToolTip": false,
          "ToolTipBackground": null,
          "ToolTipFont": null,
          "ToolTipTextColor": "",
          "TextColor": "0,255,255,255",
          "HoveredTextColor": "",
          "ClickedTextColor": "",
          "DisabledTextColor": "255,90,90,90",
          "TextAlign": "Center",
          "TextPadding": "3,3,3,3",
          "AutoSizeToContents": false,
          "Font": "arial,10",
          "TextScale": 1.0,
          "NormalImage": "downarrownormal.png",
          "HoveredImage": "downarrowhover.png",
          "ClickedImage": "downarrowclicked.png",
          "DisabledImage": "",
          "CenterImage": false,
          "HoverSound": "octave-tap-resonant.wav",
          "MouseUpSound": "",
          "MouseDownSound": "octave-tap-warm.wav",
          "ClickSound": ""
        }
      }
    },
    "EventDialogAreaNoFace": {
      "Bounds": "16,14,488,80",
      "Padding": "0,0,0,0",
      "AlignmentEdgeDistances": "0,0,0,0",
      "AlignmentTransform": "0,0",
      "Margin": "0,0,0,0",
      "RenderColor": "255,255,255,255",
      "Alignments": "",
      "DrawBackground": true,
      "MinimumSize": "1,1",
      "MaximumSize": "4096,4096",
      "Disabled": false,
      "Hidden": false,
      "RestrictToParent": false,
      "MouseInputEnabled": false,
      "HideToolTip": false,
      "ToolTipBackground": null,
      "ToolTipFont": null,
      "ToolTipTextColor": "",
      "CanScrollH": false,
      "CanScrollV": true,
      "AutoHideBars": false,
      "InnerPanel": {
        "Bounds": "0,0,473,765",
        "Padding": "0,0,0,0",
        "AlignmentEdgeDistances": "0,0,0,0",
        "AlignmentTransform": "0,0",
        "Margin": "5,5,5,5",
        "RenderColor": "255,255,255,255",
        "Alignments": "",
        "DrawBackground": true,
        "MinimumSize": "1,1",
        "MaximumSize": "4096,4096",
        "Disabled": false,
        "Hidden": false,
        "RestrictToParent": false,
        "MouseInputEnabled": false,
        "HideToolTip": false,
        "ToolTipBackground": null,
        "ToolTipFont": null,
        "ToolTipTextColor": "",
        "Children": {
          "EventDialogLabel": {
            "Bounds": "0,0,1,16",
            "Padding": "0,0,0,0",
            "AlignmentEdgeDistances": "0,0,0,0",
            "AlignmentTransform": "0,0",
            "Margin": "0,0,0,0",
            "RenderColor": "255,255,255,255",
            "Alignments": "",
            "DrawBackground": true,
            "MinimumSize": "1,1",
            "MaximumSize": "4096,4096",
            "Disabled": false,
            "Hidden": false,
            "RestrictToParent": false,
            "MouseInputEnabled": false,
            "HideToolTip": false,
            "ToolTipBackground": null,
            "ToolTipFont": null,
            "ToolTipTextColor": "",
            "BackgroundTemplate": null,
            "TextColor": "255,255,255,255",
            "HoveredTextColor": "",
            "ClickedTextColor": "",
            "DisabledTextColor": "255,90,90,90",
            "TextAlign": "Left, Top",
            "TextPadding": "0,0,0,0",
            "AutoSizeToContents": true,
            "Font": "sourcesansproblack,10",
            "TextScale": 1.0
          }
        }
      },
      "HorizontalScrollBar": {
        "Bounds": "0,0,15,15",
        "Padding": "0,0,0,0",
        "AlignmentEdgeDistances": "0,0,0,0",
        "AlignmentTransform": "0,0",
        "Margin": "0,0,0,0",
        "RenderColor": "255,255,255,255",
        "Alignments": "",
        "DrawBackground": true,
        "MinimumSize": "1,1",
        "MaximumSize": "4096,4096",
        "Disabled": false,
        "Hidden": true,
        "RestrictToParent": false,
        "MouseInputEnabled": true,
        "HideToolTip": false,
        "ToolTipBackground": null,
        "ToolTipFont": null,
        "ToolTipTextColor": "",
        "BackgroundTemplate": null,
        "UpOrLeftButton": {
          "Bounds": "0,0,100,20",
          "Padding": "0,0,0,0",
          "AlignmentEdgeDistances": "0,0,0,0",
          "AlignmentTransform": "0,0",
          "Margin": "0,0,0,0",
          "RenderColor": "255,255,255,255",
          "Alignments": "",
          "DrawBackground": true,
          "MinimumSize": "1,1",
          "MaximumSize": "4096,4096",
          "Disabled": false,
          "Hidden": false,
          "RestrictToParent": false,
          "MouseInputEnabled": true,
          "HideToolTip": false,
          "ToolTipBackground": null,
          "ToolTipFont": null,
          "ToolTipTextColor": "",
          "TextColor": "0,255,255,255",
          "HoveredTextColor": "",
          "ClickedTextColor": "",
          "DisabledTextColor": "255,90,90,90",
          "TextAlign": "Center",
          "TextPadding": "3,3,3,3",
          "AutoSizeToContents": false,
          "Font": "arial,10",
          "TextScale": 1.0,
          "NormalImage": "",
          "HoveredImage": "",
          "ClickedImage": "",
          "DisabledImage": "",
          "CenterImage": false,
          "HoverSound": "octave-tap-resonant.wav",
          "MouseUpSound": "",
          "MouseDownSound": "octave-tap-warm.wav",
          "ClickSound": ""
        },
        "Bar": {
          "Bounds": "0,0,10,10",
          "Padding": "0,0,0,0",
          "AlignmentEdgeDistances": "0,0,0,0",
          "AlignmentTransform": "0,0",
          "Margin": "0,0,0,0",
          "RenderColor": "255,255,255,255",
          "Alignments": "",
          "DrawBackground": true,
          "MinimumSize": "1,1",
          "MaximumSize": "4096,4096",
          "Disabled": false,
          "Hidden": false,
          "RestrictToParent": true,
          "MouseInputEnabled": true,
          "HideToolTip": false,
          "ToolTipBackground": null,
          "ToolTipFont": null,
          "ToolTipTextColor": "",
          "NormalImage": "",
          "HoveredImage": "",
          "ClickedImage": "",
          "DisabledImage": "",
          "HoverSound": "octave-tap-resonant.wav",
          "MouseUpSound": "octave-tap-professional.wav",
          "MouseDownSound": "octave-tap-professional.wav"
        },
        "DownOrRightButton": {
          "Bounds": "0,0,100,20",
          "Padding": "0,0,0,0",
          "AlignmentEdgeDistances": "0,0,0,0",
          "AlignmentTransform": "0,0",
          "Margin": "0,0,0,0",
          "RenderColor": "255,255,255,255",
          "Alignments": "",
          "DrawBackground": true,
          "MinimumSize": "1,1",
          "MaximumSize": "4096,4096",
          "Disabled": false,
          "Hidden": false,
          "RestrictToParent": false,
          "MouseInputEnabled": true,
          "HideToolTip": false,
          "ToolTipBackground": null,
          "ToolTipFont": null,
          "ToolTipTextColor": "",
          "TextColor": "0,255,255,255",
          "HoveredTextColor": "",
          "ClickedTextColor": "",
          "DisabledTextColor": "255,90,90,90",
          "TextAlign": "Center",
          "TextPadding": "3,3,3,3",
          "AutoSizeToContents": false,
          "Font": "arial,10",
          "TextScale": 1.0,
          "NormalImage": "",
          "HoveredImage": "",
          "ClickedImage": "",
          "DisabledImage": "",
          "CenterImage": false,
          "HoverSound": "octave-tap-resonant.wav",
          "MouseUpSound": "",
          "MouseDownSound": "octave-tap-warm.wav",
          "ClickSound": ""
        }
      },
      "VerticalScrollBar": {
        "Bounds": "0,0,15,15",
        "Padding": "0,0,0,0",
        "AlignmentEdgeDistances": "0,0,0,0",
        "AlignmentTransform": "0,0",
        "Margin": "0,0,0,0",
        "RenderColor": "255,255,255,255",
        "Alignments": "",
        "DrawBackground": true,
        "MinimumSize": "1,1",
        "MaximumSize": "4096,4096",
        "Disabled": false,
        "Hidden": false,
        "RestrictToParent": false,
        "MouseInputEnabled": true,
        "HideToolTip": false,
        "ToolTipBackground": null,
        "ToolTipFont": null,
        "ToolTipTextColor": "",
        "BackgroundTemplate": "scrollbarbg.png",
        "UpOrLeftButton": {
          "Bounds": "0,0,100,20",
          "Padding": "3,3,3,3",
          "AlignmentEdgeDistances": "0,0,0,0",
          "AlignmentTransform": "0,0",
          "Margin": "0,0,0,0",
          "RenderColor": "255,255,255,255",
          "Alignments": "",
          "DrawBackground": true,
          "MinimumSize": "1,1",
          "MaximumSize": "4096,4096",
          "Disabled": false,
          "Hidden": false,
          "RestrictToParent": false,
          "MouseInputEnabled": true,
          "HideToolTip": false,
          "ToolTipBackground": null,
          "ToolTipFont": null,
          "ToolTipTextColor": "",
          "TextColor": "0,255,255,255",
          "HoveredTextColor": "",
          "ClickedTextColor": "",
          "DisabledTextColor": "255,90,90,90",
          "TextAlign": "Center",
          "TextPadding": "3,3,3,3",
          "AutoSizeToContents": false,
          "Font": "arial,10",
          "TextScale": 1.0,
          "NormalImage": "uparrownormal.png",
          "HoveredImage": "uparrowhover.png",
          "ClickedImage": "uparrowclicked.png",
          "DisabledImage": "",
          "CenterImage": false,
          "HoverSound": "octave-tap-resonant.wav",
          "MouseUpSound": "",
          "MouseDownSound": "octave-tap-warm.wav",
          "ClickSound": ""
        },
        "Bar": {
          "Bounds": "0,0,10,10",
          "Padding": "0,0,0,0",
          "AlignmentEdgeDistances": "0,0,0,0",
          "AlignmentTransform": "0,0",
          "Margin": "0,0,0,0",
          "RenderColor": "255,255,255,255",
          "Alignments": "",
          "DrawBackground": true,
          "MinimumSize": "1,1",
          "MaximumSize": "4096,4096",
          "Disabled": false,
          "Hidden": true,
          "RestrictToParent": true,
          "MouseInputEnabled": true,
          "HideToolTip": false,
          "ToolTipBackground": null,
          "ToolTipFont": null,
          "ToolTipTextColor": "",
          "NormalImage": "scrollbarnormal.png",
          "HoveredImage": "scrollbarhover.png",
          "ClickedImage": "scrollbarclicked.png",
          "DisabledImage": "",
          "HoverSound": "octave-tap-resonant.wav",
          "MouseUpSound": "octave-tap-professional.wav",
          "MouseDownSound": "octave-tap-professional.wav"
        },
        "DownOrRightButton": {
          "Bounds": "0,0,100,20",
          "Padding": "3,3,3,3",
          "AlignmentEdgeDistances": "0,0,0,0",
          "AlignmentTransform": "0,0",
          "Margin": "0,0,0,0",
          "RenderColor": "255,255,255,255",
          "Alignments": "",
          "DrawBackground": true,
          "MinimumSize": "1,1",
          "MaximumSize": "4096,4096",
          "Disabled": false,
          "Hidden": false,
          "RestrictToParent": false,
          "MouseInputEnabled": true,
          "HideToolTip": false,
          "ToolTipBackground": null,
          "ToolTipFont": null,
          "ToolTipTextColor": "",
          "TextColor": "0,255,255,255",
          "HoveredTextColor": "",
          "ClickedTextColor": "",
          "DisabledTextColor": "255,90,90,90",
          "TextAlign": "Center",
          "TextPadding": "3,3,3,3",
          "AutoSizeToContents": false,
          "Font": "arial,10",
          "TextScale": 1.0,
          "NormalImage": "downarrownormal.png",
          "HoveredImage": "downarrowhover.png",
          "ClickedImage": "downarrowclicked.png",
          "DisabledImage": "",
          "CenterImage": false,
          "HoverSound": "octave-tap-resonant.wav",
          "MouseUpSound": "",
          "MouseDownSound": "octave-tap-warm.wav",
          "ClickSound": ""
        }
      }
    },
    "Response1Button": {
      "Bounds": "12,107,496,44",
      "Padding": "0,0,0,0",
      "AlignmentEdgeDistances": "0,0,0,0",
      "AlignmentTransform": "0,0",
      "Margin": "0,0,0,0",
      "RenderColor": "255,255,255,255",
      "Alignments": "",
      "DrawBackground": true,
      "MinimumSize": "1,1",
      "MaximumSize": "4096,4096",
      "Disabled": false,
      "Hidden": false,
      "RestrictToParent": false,
      "MouseInputEnabled": true,
      "HideToolTip": false,
      "ToolTipBackground": null,
      "ToolTipFont": null,
      "ToolTipTextColor": "",
      "TextColor": "255,240,240,240",
      "HoveredTextColor": "255,255,255,255",
      "ClickedTextColor": "255,240,240,240",
      "DisabledTextColor": "255,225,225,225",
      "TextAlign": "Center",
      "TextPadding": "3,3,3,3",
      "AutoSizeToContents": false,
      "Font": "sourcesansproblack,10",
      "TextScale": 1.0,
      "NormalImage": "eventresponsenormal.png",
      "HoveredImage": "eventresponsehover.png",
      "ClickedImage": "eventresponseclicked.png",
      "DisabledImage": "",
      "CenterImage": false,
      "HoverSound": "octave-tap-resonant.wav",
      "MouseUpSound": "",
      "MouseDownSound": "octave-tap-warm.wav",
      "ClickSound": ""
    },
    "Response2Button": {
      "Bounds": "12,152,496,44",
      "Padding": "0,0,0,0",
      "AlignmentEdgeDistances": "0,0,0,0",
      "AlignmentTransform": "0,0",
      "Margin": "0,0,0,0",
      "RenderColor": "255,255,255,255",
      "Alignments": "",
      "DrawBackground": true,
      "MinimumSize": "1,1",
      "MaximumSize": "4096,4096",
      "Disabled": false,
      "Hidden": false,
      "RestrictToParent": false,
      "MouseInputEnabled": true,
      "HideToolTip": false,
      "ToolTipBackground": null,
      "ToolTipFont": null,
      "ToolTipTextColor": "",
      "TextColor": "255,240,240,240",
      "HoveredTextColor": "255,255,255,255",
      "ClickedTextColor": "255,240,240,240",
      "DisabledTextColor": "255,225,225,225",
      "TextAlign": "Center",
      "TextPadding": "3,3,3,3",
      "AutoSizeToContents": false,
      "Font": "sourcesansproblack,10",
      "TextScale": 1.0,
      "NormalImage": "eventresponsenormal.png",
      "HoveredImage": "eventresponsehover.png",
      "ClickedImage": "eventresponseclicked.png",
      "DisabledImage": "",
      "CenterImage": false,
      "HoverSound": "octave-tap-resonant.wav",
      "MouseUpSound": "",
      "MouseDownSound": "octave-tap-warm.wav",
      "ClickSound": ""
    },
    "Response3Button": {
      "Bounds": "12,197,496,44",
      "Padding": "0,0,0,0",
      "AlignmentEdgeDistances": "0,0,0,0",
      "AlignmentTransform": "0,0",
      "Margin": "0,0,0,0",
      "RenderColor": "255,255,255,255",
      "Alignments": "",
      "DrawBackground": true,
      "MinimumSize": "1,1",
      "MaximumSize": "4096,4096",
      "Disabled": false,
      "Hidden": false,
      "RestrictToParent": false,
      "MouseInputEnabled": true,
      "HideToolTip": false,
      "ToolTipBackground": null,
      "ToolTipFont": null,
      "ToolTipTextColor": "",
      "TextColor": "255,240,240,240",
      "HoveredTextColor": "255,255,255,255",
      "ClickedTextColor": "255,240,240,240",
      "DisabledTextColor": "255,225,225,225",
      "TextAlign": "Center",
      "TextPadding": "3,3,3,3",
      "AutoSizeToContents": false,
      "Font": "sourcesansproblack,10",
      "TextScale": 1.0,
      "NormalImage": "eventresponsenormal.png",
      "HoveredImage": "eventresponsehover.png",
      "ClickedImage": "eventresponseclicked.png",
      "DisabledImage": "",
      "CenterImage": false,
      "HoverSound": "octave-tap-resonant.wav",
      "MouseUpSound": "",
      "MouseDownSound": "octave-tap-warm.wav",
      "ClickSound": ""
    },
    "Response4Button": {
      "Bounds": "12,242,496,44",
      "Padding": "0,0,0,0",
      "AlignmentEdgeDistances": "0,0,0,0",
      "AlignmentTransform": "0,0",
      "Margin": "0,0,0,0",
      "RenderColor": "255,255,255,255",
      "Alignments": "",
      "DrawBackground": true,
      "MinimumSize": "1,1",
      "MaximumSize": "4096,4096",
      "Disabled": false,
      "Hidden": false,
      "RestrictToParent": false,
      "MouseInputEnabled": true,
      "HideToolTip": false,
      "ToolTipBackground": null,
      "ToolTipFont": null,
      "ToolTipTextColor": "",
      "TextColor": "255,240,240,240",
      "HoveredTextColor": "255,255,255,255",
      "ClickedTextColor": "255,240,240,240",
      "DisabledTextColor": "255,225,225,225",
      "TextAlign": "Center",
      "TextPadding": "3,3,3,3",
      "AutoSizeToContents": false,
      "Font": "sourcesansproblack,10",
      "TextScale": 1.0,
      "NormalImage": "eventresponsenormal.png",
      "HoveredImage": "eventresponsehover.png",
      "ClickedImage": "eventresponseclicked.png",
      "DisabledImage": "",
      "CenterImage": false,
      "HoverSound": "octave-tap-resonant.wav",
      "MouseUpSound": "",
      "MouseDownSound": "octave-tap-warm.wav",
      "ClickSound": ""
    }
  }
}