{
  "Bounds": "387,4,409,42",
  "Padding": "0,0,0,0",
  "AlignmentEdgeDistances": "0,4,4,0",
  "AlignmentTransform": "0,0",
  "Margin": "0,0,0,0",
  "RenderColor": "255,255,255,255",
  "Alignments": "Top,Right",
  "DrawBackground": true,
  "MinimumSize": "1,1",
  "MaximumSize": "4096,4096",
  "Disabled": false,
  "Hidden": false,
  "RestrictToParent": true,
  "MouseInputEnabled": true,
  "HideToolTip": false,
  "ToolTipBackground": null,
  "ToolTipFont": null,
  "ToolTipTextColor": "",
  "Texture": "hotbar.png",
  "HoverSound": null,
  "LeftMouseClickSound": null,
  "RightMouseClickSound": null,
  "Children": {
    "HotbarContainer0": {
      "Bounds": "8,4,34,35",
      "Padding": "0,0,0,0",
      "AlignmentEdgeDistances": "0,0,0,0",
      "AlignmentTransform": "0,0",
      "Margin": "0,0,0,0",
      "RenderColor": "255,255,255,255",
      "Alignments": "",
      "DrawBackground": true,
      "MinimumSize": "1,1",
      "MaximumSize": "4096,4096",
      "Disabled": false,
      "Hidden": false,
      "RestrictToParent": false,
      "MouseInputEnabled": true,
      "HideToolTip": false,
      "ToolTipBackground": null,
      "ToolTipFont": null,
      "ToolTipTextColor": "",
      "Texture": "hotbaritem.png",
      "HoverSound": null,
      "LeftMouseClickSound": null,
      "RightMouseClickSound": null,
      "Children": {
        "HotbarIcon0": {
          "Bounds": "1,1,32,32",
          "Padding": "0,0,0,0",
          "AlignmentEdgeDistances": "0,0,0,0",
          "AlignmentTransform": "0,0",
          "Margin": "0,0,0,0",
          "RenderColor": "255,255,255,255",
          "Alignments": "",
          "DrawBackground": true,
          "MinimumSize": "1,1",
          "MaximumSize": "4096,4096",
          "Disabled": false,
          "Hidden": false,
          "RestrictToParent": false,
          "MouseInputEnabled": true,
          "HideToolTip": false,
          "ToolTipBackground": null,
          "ToolTipFont": null,
          "ToolTipTextColor": "",
          "Texture": "",
          "HoverSound": "octave-tap-resonant.wav",
          "LeftMouseClickSound": "octave-tap-warm.wav",
          "RightMouseClickSound": "octave-beep-tapped.wav",
          "Children": {
            "HotbarEquipedIcon0": {
              "Bounds": "26,2,2,2",
              "Padding": "0,0,0,0",
              "AlignmentEdgeDistances": "0,0,0,0",
              "AlignmentTransform": "0,0",
              "Margin": "0,0,0,0",
              "RenderColor": "0,255,0,0",
              "Alignments": "",
              "DrawBackground": true,
              "MinimumSize": "1,1",
              "MaximumSize": "4096,4096",
              "Disabled": false,
              "Hidden": false,
              "RestrictToParent": false,
              "MouseInputEnabled": false,
              "HideToolTip": false,
              "ToolTipBackground": null,
              "ToolTipFont": null,
              "ToolTipTextColor": "",
              "Texture": "",
              "HoverSound": null,
              "LeftMouseClickSound": null,
              "RightMouseClickSound": null
            }
          }
        },
        "HotbarEquippedLabel0": {
          "Bounds": "24,0,10,11",
          "Padding": "0,0,0,0",
          "AlignmentEdgeDistances": "0,0,0,0",
          "AlignmentTransform": "0,0",
          "Margin": "0,0,0,0",
          "RenderColor": "255,255,255,255",
          "Alignments": "Right,Top",
          "DrawBackground": true,
          "MinimumSize": "1,1",
          "MaximumSize": "4096,4096",
          "Disabled": false,
          "Hidden": true,
          "RestrictToParent": false,
          "MouseInputEnabled": false,
          "HideToolTip": false,
          "ToolTipBackground": null,
          "ToolTipFont": null,
          "ToolTipTextColor": "",
          "BackgroundTemplate": "equipped.png",
          "TextColor": "255,255,255,255",
          "HoveredTextColor": "",
          "ClickedTextColor": "",
          "DisabledTextColor": "255,90,90,90",
          "TextAlign": "Left, Top",
          "TextPadding": "2,-2,2,-1",
          "AutoSizeToContents": true,
          "Font": "sourcesansproblack,8",
          "TextScale": 1.0
        },
        "HotbarCooldownLabel0": {
          "Bounds": "14,12,5,11",
          "Padding": "0,0,0,0",
          "AlignmentEdgeDistances": "0,0,0,0",
          "AlignmentTransform": "0,0",
          "Margin": "0,0,0,0",
          "RenderColor": "255,255,255,255",
          "Alignments": "Center",
          "DrawBackground": true,
          "MinimumSize": "1,1",
          "MaximumSize": "4096,4096",
          "Disabled": false,
          "Hidden": false,
          "RestrictToParent": false,
          "MouseInputEnabled": false,
          "HideToolTip": false,
          "ToolTipBackground": null,
          "ToolTipFont": null,
          "ToolTipTextColor": "",
          "BackgroundTemplate": "quantity.png",
          "TextColor": "255,255,255,255",
          "HoveredTextColor": "",
          "ClickedTextColor": "",
          "DisabledTextColor": "255,90,90,90",
          "TextAlign": "Left, Top",
          "TextPadding": "2,-2,2,-1",
          "AutoSizeToContents": true,
          "Font": "sourcesansproblack,8",
          "TextScale": 1.0
        },
        "HotbarLabel0": {
          "Bounds": "24,24,10,11",
          "Padding": "0,0,0,0",
          "AlignmentEdgeDistances": "0,0,0,0",
          "AlignmentTransform": "0,0",
          "Margin": "0,0,0,0",
          "RenderColor": "255,255,255,255",
          "Alignments": "Bottom,Right",
          "DrawBackground": true,
          "MinimumSize": "1,1",
          "MaximumSize": "4096,4096",
          "Disabled": false,
          "Hidden": false,
          "RestrictToParent": false,
          "MouseInputEnabled": false,
          "HideToolTip": false,
          "ToolTipBackground": null,
          "ToolTipFont": null,
          "ToolTipTextColor": "",
          "BackgroundTemplate": "hotbar_label.png",
          "TextColor": "255,255,255,255",
          "HoveredTextColor": "",
          "ClickedTextColor": "",
          "DisabledTextColor": "255,90,90,90",
          "TextAlign": "Left, Top",
          "TextPadding": "2,-2,2,-1",
          "AutoSizeToContents": true,
          "Font": "sourcesansproblack,8",
          "TextScale": 1.0
        }
      }
    },
    "HotbarContainer1": {
      "Bounds": "48,4,34,35",
      "Padding": "0,0,0,0",
      "AlignmentEdgeDistances": "0,0,0,0",
      "AlignmentTransform": "0,0",
      "Margin": "0,0,0,0",
      "RenderColor": "255,255,255,255",
      "Alignments": "",
      "DrawBackground": true,
      "MinimumSize": "1,1",
      "MaximumSize": "4096,4096",
      "Disabled": false,
      "Hidden": false,
      "RestrictToParent": false,
      "MouseInputEnabled": true,
      "HideToolTip": false,
      "ToolTipBackground": null,
      "ToolTipFont": null,
      "ToolTipTextColor": "",
      "Texture": "hotbaritem.png",
      "HoverSound": null,
      "LeftMouseClickSound": null,
      "RightMouseClickSound": null,
      "Children": {
        "HotbarIcon1": {
          "Bounds": "1,1,32,32",
          "Padding": "0,0,0,0",
          "AlignmentEdgeDistances": "0,0,0,0",
          "AlignmentTransform": "0,0",
          "Margin": "0,0,0,0",
          "RenderColor": "255,255,255,255",
          "Alignments": "",
          "DrawBackground": true,
          "MinimumSize": "1,1",
          "MaximumSize": "4096,4096",
          "Disabled": false,
          "Hidden": false,
          "RestrictToParent": false,
          "MouseInputEnabled": true,
          "HideToolTip": false,
          "ToolTipBackground": null,
          "ToolTipFont": null,
          "ToolTipTextColor": "",
          "Texture": "",
          "HoverSound": "octave-tap-resonant.wav",
          "LeftMouseClickSound": "octave-tap-warm.wav",
          "RightMouseClickSound": "octave-beep-tapped.wav",
          "Children": {
            "HotbarEquipedIcon1": {
              "Bounds": "26,2,2,2",
              "Padding": "0,0,0,0",
              "AlignmentEdgeDistances": "0,0,0,0",
              "AlignmentTransform": "0,0",
              "Margin": "0,0,0,0",
              "RenderColor": "0,255,0,0",
              "Alignments": "",
              "DrawBackground": true,
              "MinimumSize": "1,1",
              "MaximumSize": "4096,4096",
              "Disabled": false,
              "Hidden": false,
              "RestrictToParent": false,
              "MouseInputEnabled": false,
              "HideToolTip": false,
              "ToolTipBackground": null,
              "ToolTipFont": null,
              "ToolTipTextColor": "",
              "Texture": "",
              "HoverSound": null,
              "LeftMouseClickSound": null,
              "RightMouseClickSound": null
            }
          }
        },
        "HotbarEquippedLabel1": {
          "Bounds": "24,0,10,11",
          "Padding": "0,0,0,0",
          "AlignmentEdgeDistances": "0,0,0,0",
          "AlignmentTransform": "0,0",
          "Margin": "0,0,0,0",
          "RenderColor": "255,255,255,255",
          "Alignments": "Right,Top",
          "DrawBackground": true,
          "MinimumSize": "1,1",
          "MaximumSize": "4096,4096",
          "Disabled": false,
          "Hidden": true,
          "RestrictToParent": false,
          "MouseInputEnabled": false,
          "HideToolTip": false,
          "ToolTipBackground": null,
          "ToolTipFont": null,
          "ToolTipTextColor": "",
          "BackgroundTemplate": "equipped.png",
          "TextColor": "255,255,255,255",
          "HoveredTextColor": "",
          "ClickedTextColor": "",
          "DisabledTextColor": "255,90,90,90",
          "TextAlign": "Left, Top",
          "TextPadding": "2,-2,2,-1",
          "AutoSizeToContents": true,
          "Font": "sourcesansproblack,8",
          "TextScale": 1.0
        },
        "HotbarCooldownLabel1": {
          "Bounds": "14,12,5,11",
          "Padding": "0,0,0,0",
          "AlignmentEdgeDistances": "0,0,0,0",
          "AlignmentTransform": "0,0",
          "Margin": "0,0,0,0",
          "RenderColor": "255,255,255,255",
          "Alignments": "Center",
          "DrawBackground": true,
          "MinimumSize": "1,1",
          "MaximumSize": "4096,4096",
          "Disabled": false,
          "Hidden": false,
          "RestrictToParent": false,
          "MouseInputEnabled": false,
          "HideToolTip": false,
          "ToolTipBackground": null,
          "ToolTipFont": null,
          "ToolTipTextColor": "",
          "BackgroundTemplate": "quantity.png",
          "TextColor": "255,255,255,255",
          "HoveredTextColor": "",
          "ClickedTextColor": "",
          "DisabledTextColor": "255,90,90,90",
          "TextAlign": "Left, Top",
          "TextPadding": "2,-2,2,-1",
          "AutoSizeToContents": true,
          "Font": "sourcesansproblack,8",
          "TextScale": 1.0
        },
        "HotbarLabel1": {
          "Bounds": "24,24,10,11",
          "Padding": "0,0,0,0",
          "AlignmentEdgeDistances": "0,0,0,0",
          "AlignmentTransform": "0,0",
          "Margin": "0,0,0,0",
          "RenderColor": "255,255,255,255",
          "Alignments": "Bottom,Right",
          "DrawBackground": true,
          "MinimumSize": "1,1",
          "MaximumSize": "4096,4096",
          "Disabled": false,
          "Hidden": false,
          "RestrictToParent": false,
          "MouseInputEnabled": false,
          "HideToolTip": false,
          "ToolTipBackground": null,
          "ToolTipFont": null,
          "ToolTipTextColor": "",
          "BackgroundTemplate": "hotbar_label.png",
          "TextColor": "255,255,255,255",
          "HoveredTextColor": "",
          "ClickedTextColor": "",
          "DisabledTextColor": "255,90,90,90",
          "TextAlign": "Left, Top",
          "TextPadding": "2,-2,2,-1",
          "AutoSizeToContents": true,
          "Font": "sourcesansproblack,8",
          "TextScale": 1.0
        }
      }
    },
    "HotbarContainer2": {
      "Bounds": "88,4,34,35",
      "Padding": "0,0,0,0",
      "AlignmentEdgeDistances": "0,0,0,0",
      "AlignmentTransform": "0,0",
      "Margin": "0,0,0,0",
      "RenderColor": "255,255,255,255",
      "Alignments": "",
      "DrawBackground": true,
      "MinimumSize": "1,1",
      "MaximumSize": "4096,4096",
      "Disabled": false,
      "Hidden": false,
      "RestrictToParent": false,
      "MouseInputEnabled": true,
      "HideToolTip": false,
      "ToolTipBackground": null,
      "ToolTipFont": null,
      "ToolTipTextColor": "",
      "Texture": "hotbaritem.png",
      "HoverSound": null,
      "LeftMouseClickSound": null,
      "RightMouseClickSound": null,
      "Children": {
        "HotbarIcon2": {
          "Bounds": "1,1,32,32",
          "Padding": "0,0,0,0",
          "AlignmentEdgeDistances": "0,0,0,0",
          "AlignmentTransform": "0,0",
          "Margin": "0,0,0,0",
          "RenderColor": "255,255,255,255",
          "Alignments": "",
          "DrawBackground": true,
          "MinimumSize": "1,1",
          "MaximumSize": "4096,4096",
          "Disabled": false,
          "Hidden": false,
          "RestrictToParent": false,
          "MouseInputEnabled": true,
          "HideToolTip": false,
          "ToolTipBackground": null,
          "ToolTipFont": null,
          "ToolTipTextColor": "",
          "Texture": "",
          "HoverSound": "octave-tap-resonant.wav",
          "LeftMouseClickSound": "octave-tap-warm.wav",
          "RightMouseClickSound": "octave-beep-tapped.wav",
          "Children": {
            "HotbarEquipedIcon2": {
              "Bounds": "26,2,2,2",
              "Padding": "0,0,0,0",
              "AlignmentEdgeDistances": "0,0,0,0",
              "AlignmentTransform": "0,0",
              "Margin": "0,0,0,0",
              "RenderColor": "0,255,0,0",
              "Alignments": "",
              "DrawBackground": true,
              "MinimumSize": "1,1",
              "MaximumSize": "4096,4096",
              "Disabled": false,
              "Hidden": false,
              "RestrictToParent": false,
              "MouseInputEnabled": false,
              "HideToolTip": false,
              "ToolTipBackground": null,
              "ToolTipFont": null,
              "ToolTipTextColor": "",
              "Texture": "",
              "HoverSound": null,
              "LeftMouseClickSound": null,
              "RightMouseClickSound": null
            }
          }
        },
        "HotbarEquippedLabel2": {
          "Bounds": "24,0,10,11",
          "Padding": "0,0,0,0",
          "AlignmentEdgeDistances": "0,0,0,0",
          "AlignmentTransform": "0,0",
          "Margin": "0,0,0,0",
          "RenderColor": "255,255,255,255",
          "Alignments": "Right,Top",
          "DrawBackground": true,
          "MinimumSize": "1,1",
          "MaximumSize": "4096,4096",
          "Disabled": false,
          "Hidden": true,
          "RestrictToParent": false,
          "MouseInputEnabled": false,
          "HideToolTip": false,
          "ToolTipBackground": null,
          "ToolTipFont": null,
          "ToolTipTextColor": "",
          "BackgroundTemplate": "equipped.png",
          "TextColor": "255,255,255,255",
          "HoveredTextColor": "",
          "ClickedTextColor": "",
          "DisabledTextColor": "255,90,90,90",
          "TextAlign": "Left, Top",
          "TextPadding": "2,-2,2,-1",
          "AutoSizeToContents": true,
          "Font": "sourcesansproblack,8",
          "TextScale": 1.0
        },
        "HotbarCooldownLabel2": {
          "Bounds": "14,12,5,11",
          "Padding": "0,0,0,0",
          "AlignmentEdgeDistances": "0,0,0,0",
          "AlignmentTransform": "0,0",
          "Margin": "0,0,0,0",
          "RenderColor": "255,255,255,255",
          "Alignments": "Center",
          "DrawBackground": true,
          "MinimumSize": "1,1",
          "MaximumSize": "4096,4096",
          "Disabled": false,
          "Hidden": false,
          "RestrictToParent": false,
          "MouseInputEnabled": false,
          "HideToolTip": false,
          "ToolTipBackground": null,
          "ToolTipFont": null,
          "ToolTipTextColor": "",
          "BackgroundTemplate": "quantity.png",
          "TextColor": "255,255,255,255",
          "HoveredTextColor": "",
          "ClickedTextColor": "",
          "DisabledTextColor": "255,90,90,90",
          "TextAlign": "Left, Top",
          "TextPadding": "2,-2,2,-1",
          "AutoSizeToContents": true,
          "Font": "sourcesansproblack,8",
          "TextScale": 1.0
        },
        "HotbarLabel2": {
          "Bounds": "24,24,10,11",
          "Padding": "0,0,0,0",
          "AlignmentEdgeDistances": "0,0,0,0",
          "AlignmentTransform": "0,0",
          "Margin": "0,0,0,0",
          "RenderColor": "255,255,255,255",
          "Alignments": "Bottom,Right",
          "DrawBackground": true,
          "MinimumSize": "1,1",
          "MaximumSize": "4096,4096",
          "Disabled": false,
          "Hidden": false,
          "RestrictToParent": false,
          "MouseInputEnabled": false,
          "HideToolTip": false,
          "ToolTipBackground": null,
          "ToolTipFont": null,
          "ToolTipTextColor": "",
          "BackgroundTemplate": "hotbar_label.png",
          "TextColor": "255,255,255,255",
          "HoveredTextColor": "",
          "ClickedTextColor": "",
          "DisabledTextColor": "255,90,90,90",
          "TextAlign": "Left, Top",
          "TextPadding": "2,-2,2,-1",
          "AutoSizeToContents": true,
          "Font": "sourcesansproblack,8",
          "TextScale": 1.0
        }
      }
    },
    "HotbarContainer3": {
      "Bounds": "128,4,34,35",
      "Padding": "0,0,0,0",
      "AlignmentEdgeDistances": "0,0,0,0",
      "AlignmentTransform": "0,0",
      "Margin": "0,0,0,0",
      "RenderColor": "255,255,255,255",
      "Alignments": "",
      "DrawBackground": true,
      "MinimumSize": "1,1",
      "MaximumSize": "4096,4096",
      "Disabled": false,
      "Hidden": false,
      "RestrictToParent": false,
      "MouseInputEnabled": true,
      "HideToolTip": false,
      "ToolTipBackground": null,
      "ToolTipFont": null,
      "ToolTipTextColor": "",
      "Texture": "hotbaritem.png",
      "HoverSound": null,
      "LeftMouseClickSound": null,
      "RightMouseClickSound": null,
      "Children": {
        "HotbarIcon3": {
          "Bounds": "1,1,32,32",
          "Padding": "0,0,0,0",
          "AlignmentEdgeDistances": "0,0,0,0",
          "AlignmentTransform": "0,0",
          "Margin": "0,0,0,0",
          "RenderColor": "255,255,255,255",
          "Alignments": "",
          "DrawBackground": true,
          "MinimumSize": "1,1",
          "MaximumSize": "4096,4096",
          "Disabled": false,
          "Hidden": false,
          "RestrictToParent": false,
          "MouseInputEnabled": true,
          "HideToolTip": false,
          "ToolTipBackground": null,
          "ToolTipFont": null,
          "ToolTipTextColor": "",
          "Texture": "",
          "HoverSound": "octave-tap-resonant.wav",
          "LeftMouseClickSound": "octave-tap-warm.wav",
          "RightMouseClickSound": "octave-beep-tapped.wav",
          "Children": {
            "HotbarEquipedIcon3": {
              "Bounds": "26,2,2,2",
              "Padding": "0,0,0,0",
              "AlignmentEdgeDistances": "0,0,0,0",
              "AlignmentTransform": "0,0",
              "Margin": "0,0,0,0",
              "RenderColor": "0,255,0,0",
              "Alignments": "",
              "DrawBackground": true,
              "MinimumSize": "1,1",
              "MaximumSize": "4096,4096",
              "Disabled": false,
              "Hidden": false,
              "RestrictToParent": false,
              "MouseInputEnabled": false,
              "HideToolTip": false,
              "ToolTipBackground": null,
              "ToolTipFont": null,
              "ToolTipTextColor": "",
              "Texture": "",
              "HoverSound": null,
              "LeftMouseClickSound": null,
              "RightMouseClickSound": null
            }
          }
        },
        "HotbarEquippedLabel3": {
          "Bounds": "24,0,10,11",
          "Padding": "0,0,0,0",
          "AlignmentEdgeDistances": "0,0,0,0",
          "AlignmentTransform": "0,0",
          "Margin": "0,0,0,0",
          "RenderColor": "255,255,255,255",
          "Alignments": "Right,Top",
          "DrawBackground": true,
          "MinimumSize": "1,1",
          "MaximumSize": "4096,4096",
          "Disabled": false,
          "Hidden": true,
          "RestrictToParent": false,
          "MouseInputEnabled": false,
          "HideToolTip": false,
          "ToolTipBackground": null,
          "ToolTipFont": null,
          "ToolTipTextColor": "",
          "BackgroundTemplate": "equipped.png",
          "TextColor": "255,255,255,255",
          "HoveredTextColor": "",
          "ClickedTextColor": "",
          "DisabledTextColor": "255,90,90,90",
          "TextAlign": "Left, Top",
          "TextPadding": "2,-2,2,-1",
          "AutoSizeToContents": true,
          "Font": "sourcesansproblack,8",
          "TextScale": 1.0
        },
        "HotbarCooldownLabel3": {
          "Bounds": "14,12,5,11",
          "Padding": "0,0,0,0",
          "AlignmentEdgeDistances": "0,0,0,0",
          "AlignmentTransform": "0,0",
          "Margin": "0,0,0,0",
          "RenderColor": "255,255,255,255",
          "Alignments": "Center",
          "DrawBackground": true,
          "MinimumSize": "1,1",
          "MaximumSize": "4096,4096",
          "Disabled": false,
          "Hidden": false,
          "RestrictToParent": false,
          "MouseInputEnabled": false,
          "HideToolTip": false,
          "ToolTipBackground": null,
          "ToolTipFont": null,
          "ToolTipTextColor": "",
          "BackgroundTemplate": "quantity.png",
          "TextColor": "255,255,255,255",
          "HoveredTextColor": "",
          "ClickedTextColor": "",
          "DisabledTextColor": "255,90,90,90",
          "TextAlign": "Left, Top",
          "TextPadding": "2,-2,2,-1",
          "AutoSizeToContents": true,
          "Font": "sourcesansproblack,8",
          "TextScale": 1.0
        },
        "HotbarLabel3": {
          "Bounds": "24,24,10,11",
          "Padding": "0,0,0,0",
          "AlignmentEdgeDistances": "0,0,0,0",
          "AlignmentTransform": "0,0",
          "Margin": "0,0,0,0",
          "RenderColor": "255,255,255,255",
          "Alignments": "Bottom,Right",
          "DrawBackground": true,
          "MinimumSize": "1,1",
          "MaximumSize": "4096,4096",
          "Disabled": false,
          "Hidden": false,
          "RestrictToParent": false,
          "MouseInputEnabled": false,
          "HideToolTip": false,
          "ToolTipBackground": null,
          "ToolTipFont": null,
          "ToolTipTextColor": "",
          "BackgroundTemplate": "hotbar_label.png",
          "TextColor": "255,255,255,255",
          "HoveredTextColor": "",
          "ClickedTextColor": "",
          "DisabledTextColor": "255,90,90,90",
          "TextAlign": "Left, Top",
          "TextPadding": "2,-2,2,-1",
          "AutoSizeToContents": true,
          "Font": "sourcesansproblack,8",
          "TextScale": 1.0
        }
      }
    },
    "HotbarContainer4": {
      "Bounds": "168,4,34,35",
      "Padding": "0,0,0,0",
      "AlignmentEdgeDistances": "0,0,0,0",
      "AlignmentTransform": "0,0",
      "Margin": "0,0,0,0",
      "RenderColor": "255,255,255,255",
      "Alignments": "",
      "DrawBackground": true,
      "MinimumSize": "1,1",
      "MaximumSize": "4096,4096",
      "Disabled": false,
      "Hidden": false,
      "RestrictToParent": false,
      "MouseInputEnabled": true,
      "HideToolTip": false,
      "ToolTipBackground": null,
      "ToolTipFont": null,
      "ToolTipTextColor": "",
      "Texture": "hotbaritem.png",
      "HoverSound": null,
      "LeftMouseClickSound": null,
      "RightMouseClickSound": null,
      "Children": {
        "HotbarIcon4": {
          "Bounds": "1,1,32,32",
          "Padding": "0,0,0,0",
          "AlignmentEdgeDistances": "0,0,0,0",
          "AlignmentTransform": "0,0",
          "Margin": "0,0,0,0",
          "RenderColor": "255,255,255,255",
          "Alignments": "",
          "DrawBackground": true,
          "MinimumSize": "1,1",
          "MaximumSize": "4096,4096",
          "Disabled": false,
          "Hidden": false,
          "RestrictToParent": false,
          "MouseInputEnabled": true,
          "HideToolTip": false,
          "ToolTipBackground": null,
          "ToolTipFont": null,
          "ToolTipTextColor": "",
          "Texture": "",
          "HoverSound": "octave-tap-resonant.wav",
          "LeftMouseClickSound": "octave-tap-warm.wav",
          "RightMouseClickSound": "octave-beep-tapped.wav",
          "Children": {
            "HotbarEquipedIcon4": {
              "Bounds": "26,2,2,2",
              "Padding": "0,0,0,0",
              "AlignmentEdgeDistances": "0,0,0,0",
              "AlignmentTransform": "0,0",
              "Margin": "0,0,0,0",
              "RenderColor": "0,255,0,0",
              "Alignments": "",
              "DrawBackground": true,
              "MinimumSize": "1,1",
              "MaximumSize": "4096,4096",
              "Disabled": false,
              "Hidden": false,
              "RestrictToParent": false,
              "MouseInputEnabled": false,
              "HideToolTip": false,
              "ToolTipBackground": null,
              "ToolTipFont": null,
              "ToolTipTextColor": "",
              "Texture": "",
              "HoverSound": null,
              "LeftMouseClickSound": null,
              "RightMouseClickSound": null
            }
          }
        },
        "HotbarEquippedLabel4": {
          "Bounds": "24,0,10,11",
          "Padding": "0,0,0,0",
          "AlignmentEdgeDistances": "0,0,0,0",
          "AlignmentTransform": "0,0",
          "Margin": "0,0,0,0",
          "RenderColor": "255,255,255,255",
          "Alignments": "Right,Top",
          "DrawBackground": true,
          "MinimumSize": "1,1",
          "MaximumSize": "4096,4096",
          "Disabled": false,
          "Hidden": true,
          "RestrictToParent": false,
          "MouseInputEnabled": false,
          "HideToolTip": false,
          "ToolTipBackground": null,
          "ToolTipFont": null,
          "ToolTipTextColor": "",
          "BackgroundTemplate": "equipped.png",
          "TextColor": "255,255,255,255",
          "HoveredTextColor": "",
          "ClickedTextColor": "",
          "DisabledTextColor": "255,90,90,90",
          "TextAlign": "Left, Top",
          "TextPadding": "2,-2,2,-1",
          "AutoSizeToContents": true,
          "Font": "sourcesansproblack,8",
          "TextScale": 1.0
        },
        "HotbarCooldownLabel4": {
          "Bounds": "14,12,5,11",
          "Padding": "0,0,0,0",
          "AlignmentEdgeDistances": "0,0,0,0",
          "AlignmentTransform": "0,0",
          "Margin": "0,0,0,0",
          "RenderColor": "255,255,255,255",
          "Alignments": "Center",
          "DrawBackground": true,
          "MinimumSize": "1,1",
          "MaximumSize": "4096,4096",
          "Disabled": false,
          "Hidden": false,
          "RestrictToParent": false,
          "MouseInputEnabled": false,
          "HideToolTip": false,
          "ToolTipBackground": null,
          "ToolTipFont": null,
          "ToolTipTextColor": "",
          "BackgroundTemplate": "quantity.png",
          "TextColor": "255,255,255,255",
          "HoveredTextColor": "",
          "ClickedTextColor": "",
          "DisabledTextColor": "255,90,90,90",
          "TextAlign": "Left, Top",
          "TextPadding": "2,-2,2,-1",
          "AutoSizeToContents": true,
          "Font": "sourcesansproblack,8",
          "TextScale": 1.0
        },
        "HotbarLabel4": {
          "Bounds": "24,24,10,11",
          "Padding": "0,0,0,0",
          "AlignmentEdgeDistances": "0,0,0,0",
          "AlignmentTransform": "0,0",
          "Margin": "0,0,0,0",
          "RenderColor": "255,255,255,255",
          "Alignments": "Bottom,Right",
          "DrawBackground": true,
          "MinimumSize": "1,1",
          "MaximumSize": "4096,4096",
          "Disabled": false,
          "Hidden": false,
          "RestrictToParent": false,
          "MouseInputEnabled": false,
          "HideToolTip": false,
          "ToolTipBackground": null,
          "ToolTipFont": null,
          "ToolTipTextColor": "",
          "BackgroundTemplate": "hotbar_label.png",
          "TextColor": "255,255,255,255",
          "HoveredTextColor": "",
          "ClickedTextColor": "",
          "DisabledTextColor": "255,90,90,90",
          "TextAlign": "Left, Top",
          "TextPadding": "2,-2,2,-1",
          "AutoSizeToContents": true,
          "Font": "sourcesansproblack,8",
          "TextScale": 1.0
        }
      }
    },
    "HotbarContainer5": {
      "Bounds": "208,4,34,35",
      "Padding": "0,0,0,0",
      "AlignmentEdgeDistances": "0,0,0,0",
      "AlignmentTransform": "0,0",
      "Margin": "0,0,0,0",
      "RenderColor": "255,255,255,255",
      "Alignments": "",
      "DrawBackground": true,
      "MinimumSize": "1,1",
      "MaximumSize": "4096,4096",
      "Disabled": false,
      "Hidden": false,
      "RestrictToParent": false,
      "MouseInputEnabled": true,
      "HideToolTip": false,
      "ToolTipBackground": null,
      "ToolTipFont": null,
      "ToolTipTextColor": "",
      "Texture": "hotbaritem.png",
      "HoverSound": null,
      "LeftMouseClickSound": null,
      "RightMouseClickSound": null,
      "Children": {
        "HotbarIcon5": {
          "Bounds": "1,1,32,32",
          "Padding": "0,0,0,0",
          "AlignmentEdgeDistances": "0,0,0,0",
          "AlignmentTransform": "0,0",
          "Margin": "0,0,0,0",
          "RenderColor": "255,255,255,255",
          "Alignments": "",
          "DrawBackground": true,
          "MinimumSize": "1,1",
          "MaximumSize": "4096,4096",
          "Disabled": false,
          "Hidden": false,
          "RestrictToParent": false,
          "MouseInputEnabled": true,
          "HideToolTip": false,
          "ToolTipBackground": null,
          "ToolTipFont": null,
          "ToolTipTextColor": "",
          "Texture": "",
          "HoverSound": "octave-tap-resonant.wav",
          "LeftMouseClickSound": "octave-tap-warm.wav",
          "RightMouseClickSound": "octave-beep-tapped.wav",
          "Children": {
            "HotbarEquipedIcon5": {
              "Bounds": "26,2,2,2",
              "Padding": "0,0,0,0",
              "AlignmentEdgeDistances": "0,0,0,0",
              "AlignmentTransform": "0,0",
              "Margin": "0,0,0,0",
              "RenderColor": "0,255,0,0",
              "Alignments": "",
              "DrawBackground": true,
              "MinimumSize": "1,1",
              "MaximumSize": "4096,4096",
              "Disabled": false,
              "Hidden": false,
              "RestrictToParent": false,
              "MouseInputEnabled": false,
              "HideToolTip": false,
              "ToolTipBackground": null,
              "ToolTipFont": null,
              "ToolTipTextColor": "",
              "Texture": "",
              "HoverSound": null,
              "LeftMouseClickSound": null,
              "RightMouseClickSound": null
            }
          }
        },
        "HotbarEquippedLabel5": {
          "Bounds": "24,0,10,11",
          "Padding": "0,0,0,0",
          "AlignmentEdgeDistances": "0,0,0,0",
          "AlignmentTransform": "0,0",
          "Margin": "0,0,0,0",
          "RenderColor": "255,255,255,255",
          "Alignments": "Right,Top",
          "DrawBackground": true,
          "MinimumSize": "1,1",
          "MaximumSize": "4096,4096",
          "Disabled": false,
          "Hidden": true,
          "RestrictToParent": false,
          "MouseInputEnabled": false,
          "HideToolTip": false,
          "ToolTipBackground": null,
          "ToolTipFont": null,
          "ToolTipTextColor": "",
          "BackgroundTemplate": "equipped.png",
          "TextColor": "255,255,255,255",
          "HoveredTextColor": "",
          "ClickedTextColor": "",
          "DisabledTextColor": "255,90,90,90",
          "TextAlign": "Left, Top",
          "TextPadding": "2,-2,2,-1",
          "AutoSizeToContents": true,
          "Font": "sourcesansproblack,8",
          "TextScale": 1.0
        },
        "HotbarCooldownLabel5": {
          "Bounds": "14,12,5,11",
          "Padding": "0,0,0,0",
          "AlignmentEdgeDistances": "0,0,0,0",
          "AlignmentTransform": "0,0",
          "Margin": "0,0,0,0",
          "RenderColor": "255,255,255,255",
          "Alignments": "Center",
          "DrawBackground": true,
          "MinimumSize": "1,1",
          "MaximumSize": "4096,4096",
          "Disabled": false,
          "Hidden": false,
          "RestrictToParent": false,
          "MouseInputEnabled": false,
          "HideToolTip": false,
          "ToolTipBackground": null,
          "ToolTipFont": null,
          "ToolTipTextColor": "",
          "BackgroundTemplate": "quantity.png",
          "TextColor": "255,255,255,255",
          "HoveredTextColor": "",
          "ClickedTextColor": "",
          "DisabledTextColor": "255,90,90,90",
          "TextAlign": "Left, Top",
          "TextPadding": "2,-2,2,-1",
          "AutoSizeToContents": true,
          "Font": "sourcesansproblack,8",
          "TextScale": 1.0
        },
        "HotbarLabel5": {
          "Bounds": "24,24,10,11",
          "Padding": "0,0,0,0",
          "AlignmentEdgeDistances": "0,0,0,0",
          "AlignmentTransform": "0,0",
          "Margin": "0,0,0,0",
          "RenderColor": "255,255,255,255",
          "Alignments": "Bottom,Right",
          "DrawBackground": true,
          "MinimumSize": "1,1",
          "MaximumSize": "4096,4096",
          "Disabled": false,
          "Hidden": false,
          "RestrictToParent": false,
          "MouseInputEnabled": false,
          "HideToolTip": false,
          "ToolTipBackground": null,
          "ToolTipFont": null,
          "ToolTipTextColor": "",
          "BackgroundTemplate": "hotbar_label.png",
          "TextColor": "255,255,255,255",
          "HoveredTextColor": "",
          "ClickedTextColor": "",
          "DisabledTextColor": "255,90,90,90",
          "TextAlign": "Left, Top",
          "TextPadding": "2,-2,2,-1",
          "AutoSizeToContents": true,
          "Font": "sourcesansproblack,8",
          "TextScale": 1.0
        }
      }
    },
    "HotbarContainer6": {
      "Bounds": "248,4,34,35",
      "Padding": "0,0,0,0",
      "AlignmentEdgeDistances": "0,0,0,0",
      "AlignmentTransform": "0,0",
      "Margin": "0,0,0,0",
      "RenderColor": "255,255,255,255",
      "Alignments": "",
      "DrawBackground": true,
      "MinimumSize": "1,1",
      "MaximumSize": "4096,4096",
      "Disabled": false,
      "Hidden": false,
      "RestrictToParent": false,
      "MouseInputEnabled": true,
      "HideToolTip": false,
      "ToolTipBackground": null,
      "ToolTipFont": null,
      "ToolTipTextColor": "",
      "Texture": "hotbaritem.png",
      "HoverSound": null,
      "LeftMouseClickSound": null,
      "RightMouseClickSound": null,
      "Children": {
        "HotbarIcon6": {
          "Bounds": "1,1,32,32",
          "Padding": "0,0,0,0",
          "AlignmentEdgeDistances": "0,0,0,0",
          "AlignmentTransform": "0,0",
          "Margin": "0,0,0,0",
          "RenderColor": "255,255,255,255",
          "Alignments": "",
          "DrawBackground": true,
          "MinimumSize": "1,1",
          "MaximumSize": "4096,4096",
          "Disabled": false,
          "Hidden": false,
          "RestrictToParent": false,
          "MouseInputEnabled": true,
          "HideToolTip": false,
          "ToolTipBackground": null,
          "ToolTipFont": null,
          "ToolTipTextColor": "",
          "Texture": "",
          "HoverSound": "octave-tap-resonant.wav",
          "LeftMouseClickSound": "octave-tap-warm.wav",
          "RightMouseClickSound": "octave-beep-tapped.wav",
          "Children": {
            "HotbarEquipedIcon6": {
              "Bounds": "26,2,2,2",
              "Padding": "0,0,0,0",
              "AlignmentEdgeDistances": "0,0,0,0",
              "AlignmentTransform": "0,0",
              "Margin": "0,0,0,0",
              "RenderColor": "0,255,0,0",
              "Alignments": "",
              "DrawBackground": true,
              "MinimumSize": "1,1",
              "MaximumSize": "4096,4096",
              "Disabled": false,
              "Hidden": false,
              "RestrictToParent": false,
              "MouseInputEnabled": false,
              "HideToolTip": false,
              "ToolTipBackground": null,
              "ToolTipFont": null,
              "ToolTipTextColor": "",
              "Texture": "",
              "HoverSound": null,
              "LeftMouseClickSound": null,
              "RightMouseClickSound": null
            }
          }
        },
        "HotbarEquippedLabel6": {
          "Bounds": "24,0,10,11",
          "Padding": "0,0,0,0",
          "AlignmentEdgeDistances": "0,0,0,0",
          "AlignmentTransform": "0,0",
          "Margin": "0,0,0,0",
          "RenderColor": "255,255,255,255",
          "Alignments": "Right,Top",
          "DrawBackground": true,
          "MinimumSize": "1,1",
          "MaximumSize": "4096,4096",
          "Disabled": false,
          "Hidden": true,
          "RestrictToParent": false,
          "MouseInputEnabled": false,
          "HideToolTip": false,
          "ToolTipBackground": null,
          "ToolTipFont": null,
          "ToolTipTextColor": "",
          "BackgroundTemplate": "equipped.png",
          "TextColor": "255,255,255,255",
          "HoveredTextColor": "",
          "ClickedTextColor": "",
          "DisabledTextColor": "255,90,90,90",
          "TextAlign": "Left, Top",
          "TextPadding": "2,-2,2,-1",
          "AutoSizeToContents": true,
          "Font": "sourcesansproblack,8",
          "TextScale": 1.0
        },
        "HotbarCooldownLabel6": {
          "Bounds": "14,12,5,11",
          "Padding": "0,0,0,0",
          "AlignmentEdgeDistances": "0,0,0,0",
          "AlignmentTransform": "0,0",
          "Margin": "0,0,0,0",
          "RenderColor": "255,255,255,255",
          "Alignments": "Center",
          "DrawBackground": true,
          "MinimumSize": "1,1",
          "MaximumSize": "4096,4096",
          "Disabled": false,
          "Hidden": false,
          "RestrictToParent": false,
          "MouseInputEnabled": false,
          "HideToolTip": false,
          "ToolTipBackground": null,
          "ToolTipFont": null,
          "ToolTipTextColor": "",
          "BackgroundTemplate": "quantity.png",
          "TextColor": "255,255,255,255",
          "HoveredTextColor": "",
          "ClickedTextColor": "",
          "DisabledTextColor": "255,90,90,90",
          "TextAlign": "Left, Top",
          "TextPadding": "2,-2,2,-1",
          "AutoSizeToContents": true,
          "Font": "sourcesansproblack,8",
          "TextScale": 1.0
        },
        "HotbarLabel6": {
          "Bounds": "24,24,10,11",
          "Padding": "0,0,0,0",
          "AlignmentEdgeDistances": "0,0,0,0",
          "AlignmentTransform": "0,0",
          "Margin": "0,0,0,0",
          "RenderColor": "255,255,255,255",
          "Alignments": "Bottom,Right",
          "DrawBackground": true,
          "MinimumSize": "1,1",
          "MaximumSize": "4096,4096",
          "Disabled": false,
          "Hidden": false,
          "RestrictToParent": false,
          "MouseInputEnabled": false,
          "HideToolTip": false,
          "ToolTipBackground": null,
          "ToolTipFont": null,
          "ToolTipTextColor": "",
          "BackgroundTemplate": "hotbar_label.png",
          "TextColor": "255,255,255,255",
          "HoveredTextColor": "",
          "ClickedTextColor": "",
          "DisabledTextColor": "255,90,90,90",
          "TextAlign": "Left, Top",
          "TextPadding": "2,-2,2,-1",
          "AutoSizeToContents": true,
          "Font": "sourcesansproblack,8",
          "TextScale": 1.0
        }
      }
    },
    "HotbarContainer7": {
      "Bounds": "288,4,34,35",
      "Padding": "0,0,0,0",
      "AlignmentEdgeDistances": "0,0,0,0",
      "AlignmentTransform": "0,0",
      "Margin": "0,0,0,0",
      "RenderColor": "255,255,255,255",
      "Alignments": "",
      "DrawBackground": true,
      "MinimumSize": "1,1",
      "MaximumSize": "4096,4096",
      "Disabled": false,
      "Hidden": false,
      "RestrictToParent": false,
      "MouseInputEnabled": true,
      "HideToolTip": false,
      "ToolTipBackground": null,
      "ToolTipFont": null,
      "ToolTipTextColor": "",
      "Texture": "hotbaritem.png",
      "HoverSound": null,
      "LeftMouseClickSound": null,
      "RightMouseClickSound": null,
      "Children": {
        "HotbarIcon7": {
          "Bounds": "1,1,32,32",
          "Padding": "0,0,0,0",
          "AlignmentEdgeDistances": "0,0,0,0",
          "AlignmentTransform": "0,0",
          "Margin": "0,0,0,0",
          "RenderColor": "255,255,255,255",
          "Alignments": "",
          "DrawBackground": true,
          "MinimumSize": "1,1",
          "MaximumSize": "4096,4096",
          "Disabled": false,
          "Hidden": false,
          "RestrictToParent": false,
          "MouseInputEnabled": true,
          "HideToolTip": false,
          "ToolTipBackground": null,
          "ToolTipFont": null,
          "ToolTipTextColor": "",
          "Texture": "",
          "HoverSound": "octave-tap-resonant.wav",
          "LeftMouseClickSound": "octave-tap-warm.wav",
          "RightMouseClickSound": "octave-beep-tapped.wav",
          "Children": {
            "HotbarEquipedIcon7": {
              "Bounds": "26,2,2,2",
              "Padding": "0,0,0,0",
              "AlignmentEdgeDistances": "0,0,0,0",
              "AlignmentTransform": "0,0",
              "Margin": "0,0,0,0",
              "RenderColor": "0,255,0,0",
              "Alignments": "",
              "DrawBackground": true,
              "MinimumSize": "1,1",
              "MaximumSize": "4096,4096",
              "Disabled": false,
              "Hidden": false,
              "RestrictToParent": false,
              "MouseInputEnabled": false,
              "HideToolTip": false,
              "ToolTipBackground": null,
              "ToolTipFont": null,
              "ToolTipTextColor": "",
              "Texture": "",
              "HoverSound": null,
              "LeftMouseClickSound": null,
              "RightMouseClickSound": null
            }
          }
        },
        "HotbarEquippedLabel7": {
          "Bounds": "24,0,10,11",
          "Padding": "0,0,0,0",
          "AlignmentEdgeDistances": "0,0,0,0",
          "AlignmentTransform": "0,0",
          "Margin": "0,0,0,0",
          "RenderColor": "255,255,255,255",
          "Alignments": "Right,Top",
          "DrawBackground": true,
          "MinimumSize": "1,1",
          "MaximumSize": "4096,4096",
          "Disabled": false,
          "Hidden": true,
          "RestrictToParent": false,
          "MouseInputEnabled": false,
          "HideToolTip": false,
          "ToolTipBackground": null,
          "ToolTipFont": null,
          "ToolTipTextColor": "",
          "BackgroundTemplate": "equipped.png",
          "TextColor": "255,255,255,255",
          "HoveredTextColor": "",
          "ClickedTextColor": "",
          "DisabledTextColor": "255,90,90,90",
          "TextAlign": "Left, Top",
          "TextPadding": "2,-2,2,-1",
          "AutoSizeToContents": true,
          "Font": "sourcesansproblack,8",
          "TextScale": 1.0
        },
        "HotbarCooldownLabel7": {
          "Bounds": "14,12,5,11",
          "Padding": "0,0,0,0",
          "AlignmentEdgeDistances": "0,0,0,0",
          "AlignmentTransform": "0,0",
          "Margin": "0,0,0,0",
          "RenderColor": "255,255,255,255",
          "Alignments": "Center",
          "DrawBackground": true,
          "MinimumSize": "1,1",
          "MaximumSize": "4096,4096",
          "Disabled": false,
          "Hidden": false,
          "RestrictToParent": false,
          "MouseInputEnabled": false,
          "HideToolTip": false,
          "ToolTipBackground": null,
          "ToolTipFont": null,
          "ToolTipTextColor": "",
          "BackgroundTemplate": "quantity.png",
          "TextColor": "255,255,255,255",
          "HoveredTextColor": "",
          "ClickedTextColor": "",
          "DisabledTextColor": "255,90,90,90",
          "TextAlign": "Left, Top",
          "TextPadding": "2,-2,2,-1",
          "AutoSizeToContents": true,
          "Font": "sourcesansproblack,8",
          "TextScale": 1.0
        },
        "HotbarLabel7": {
          "Bounds": "24,24,10,11",
          "Padding": "0,0,0,0",
          "AlignmentEdgeDistances": "0,0,0,0",
          "AlignmentTransform": "0,0",
          "Margin": "0,0,0,0",
          "RenderColor": "255,255,255,255",
          "Alignments": "Bottom,Right",
          "DrawBackground": true,
          "MinimumSize": "1,1",
          "MaximumSize": "4096,4096",
          "Disabled": false,
          "Hidden": false,
          "RestrictToParent": false,
          "MouseInputEnabled": false,
          "HideToolTip": false,
          "ToolTipBackground": null,
          "ToolTipFont": null,
          "ToolTipTextColor": "",
          "BackgroundTemplate": "hotbar_label.png",
          "TextColor": "255,255,255,255",
          "HoveredTextColor": "",
          "ClickedTextColor": "",
          "DisabledTextColor": "255,90,90,90",
          "TextAlign": "Left, Top",
          "TextPadding": "2,-2,2,-1",
          "AutoSizeToContents": true,
          "Font": "sourcesansproblack,8",
          "TextScale": 1.0
        }
      }
    },
    "HotbarContainer8": {
      "Bounds": "328,4,34,35",
      "Padding": "0,0,0,0",
      "AlignmentEdgeDistances": "0,0,0,0",
      "AlignmentTransform": "0,0",
      "Margin": "0,0,0,0",
      "RenderColor": "255,255,255,255",
      "Alignments": "",
      "DrawBackground": true,
      "MinimumSize": "1,1",
      "MaximumSize": "4096,4096",
      "Disabled": false,
      "Hidden": false,
      "RestrictToParent": false,
      "MouseInputEnabled": true,
      "HideToolTip": false,
      "ToolTipBackground": null,
      "ToolTipFont": null,
      "ToolTipTextColor": "",
      "Texture": "hotbaritem.png",
      "HoverSound": null,
      "LeftMouseClickSound": null,
      "RightMouseClickSound": null,
      "Children": {
        "HotbarIcon8": {
          "Bounds": "1,1,32,32",
          "Padding": "0,0,0,0",
          "AlignmentEdgeDistances": "0,0,0,0",
          "AlignmentTransform": "0,0",
          "Margin": "0,0,0,0",
          "RenderColor": "255,255,255,255",
          "Alignments": "",
          "DrawBackground": true,
          "MinimumSize": "1,1",
          "MaximumSize": "4096,4096",
          "Disabled": false,
          "Hidden": false,
          "RestrictToParent": false,
          "MouseInputEnabled": true,
          "HideToolTip": false,
          "ToolTipBackground": null,
          "ToolTipFont": null,
          "ToolTipTextColor": "",
          "Texture": "",
          "HoverSound": "octave-tap-resonant.wav",
          "LeftMouseClickSound": "octave-tap-warm.wav",
          "RightMouseClickSound": "octave-beep-tapped.wav",
          "Children": {
            "HotbarEquipedIcon8": {
              "Bounds": "26,2,2,2",
              "Padding": "0,0,0,0",
              "AlignmentEdgeDistances": "0,0,0,0",
              "AlignmentTransform": "0,0",
              "Margin": "0,0,0,0",
              "RenderColor": "0,255,0,0",
              "Alignments": "",
              "DrawBackground": true,
              "MinimumSize": "1,1",
              "MaximumSize": "4096,4096",
              "Disabled": false,
              "Hidden": false,
              "RestrictToParent": false,
              "MouseInputEnabled": false,
              "HideToolTip": false,
              "ToolTipBackground": null,
              "ToolTipFont": null,
              "ToolTipTextColor": "",
              "Texture": "",
              "HoverSound": null,
              "LeftMouseClickSound": null,
              "RightMouseClickSound": null
            }
          }
        },
        "HotbarEquippedLabel8": {
          "Bounds": "24,0,10,11",
          "Padding": "0,0,0,0",
          "AlignmentEdgeDistances": "0,0,0,0",
          "AlignmentTransform": "0,0",
          "Margin": "0,0,0,0",
          "RenderColor": "255,255,255,255",
          "Alignments": "Right,Top",
          "DrawBackground": true,
          "MinimumSize": "1,1",
          "MaximumSize": "4096,4096",
          "Disabled": false,
          "Hidden": true,
          "RestrictToParent": false,
          "MouseInputEnabled": false,
          "HideToolTip": false,
          "ToolTipBackground": null,
          "ToolTipFont": null,
          "ToolTipTextColor": "",
          "BackgroundTemplate": "equipped.png",
          "TextColor": "255,255,255,255",
          "HoveredTextColor": "",
          "ClickedTextColor": "",
          "DisabledTextColor": "255,90,90,90",
          "TextAlign": "Left, Top",
          "TextPadding": "2,-2,2,-1",
          "AutoSizeToContents": true,
          "Font": "sourcesansproblack,8",
          "TextScale": 1.0
        },
        "HotbarCooldownLabel8": {
          "Bounds": "14,12,5,11",
          "Padding": "0,0,0,0",
          "AlignmentEdgeDistances": "0,0,0,0",
          "AlignmentTransform": "0,0",
          "Margin": "0,0,0,0",
          "RenderColor": "255,255,255,255",
          "Alignments": "Center",
          "DrawBackground": true,
          "MinimumSize": "1,1",
          "MaximumSize": "4096,4096",
          "Disabled": false,
          "Hidden": false,
          "RestrictToParent": false,
          "MouseInputEnabled": false,
          "HideToolTip": false,
          "ToolTipBackground": null,
          "ToolTipFont": null,
          "ToolTipTextColor": "",
          "BackgroundTemplate": "quantity.png",
          "TextColor": "255,255,255,255",
          "HoveredTextColor": "",
          "ClickedTextColor": "",
          "DisabledTextColor": "255,90,90,90",
          "TextAlign": "Left, Top",
          "TextPadding": "2,-2,2,-1",
          "AutoSizeToContents": true,
          "Font": "sourcesansproblack,8",
          "TextScale": 1.0
        },
        "HotbarLabel8": {
          "Bounds": "24,24,10,11",
          "Padding": "0,0,0,0",
          "AlignmentEdgeDistances": "0,0,0,0",
          "AlignmentTransform": "0,0",
          "Margin": "0,0,0,0",
          "RenderColor": "255,255,255,255",
          "Alignments": "Bottom,Right",
          "DrawBackground": true,
          "MinimumSize": "1,1",
          "MaximumSize": "4096,4096",
          "Disabled": false,
          "Hidden": false,
          "RestrictToParent": false,
          "MouseInputEnabled": false,
          "HideToolTip": false,
          "ToolTipBackground": null,
          "ToolTipFont": null,
          "ToolTipTextColor": "",
          "BackgroundTemplate": "hotbar_label.png",
          "TextColor": "255,255,255,255",
          "HoveredTextColor": "",
          "ClickedTextColor": "",
          "DisabledTextColor": "255,90,90,90",
          "TextAlign": "Left, Top",
          "TextPadding": "2,-2,2,-1",
          "AutoSizeToContents": true,
          "Font": "sourcesansproblack,8",
          "TextScale": 1.0
        }
      }
    },
    "HotbarContainer9": {
      "Bounds": "368,4,34,35",
      "Padding": "0,0,0,0",
      "AlignmentEdgeDistances": "0,0,0,0",
      "AlignmentTransform": "0,0",
      "Margin": "0,0,0,0",
      "RenderColor": "255,255,255,255",
      "Alignments": "",
      "DrawBackground": true,
      "MinimumSize": "1,1",
      "MaximumSize": "4096,4096",
      "Disabled": false,
      "Hidden": false,
      "RestrictToParent": false,
      "MouseInputEnabled": true,
      "HideToolTip": false,
      "ToolTipBackground": null,
      "ToolTipFont": null,
      "ToolTipTextColor": "",
      "Texture": "hotbaritem.png",
      "HoverSound": null,
      "LeftMouseClickSound": null,
      "RightMouseClickSound": null,
      "Children": {
        "HotbarIcon9": {
          "Bounds": "1,1,32,32",
          "Padding": "0,0,0,0",
          "AlignmentEdgeDistances": "0,0,0,0",
          "AlignmentTransform": "0,0",
          "Margin": "0,0,0,0",
          "RenderColor": "255,255,255,255",
          "Alignments": "",
          "DrawBackground": true,
          "MinimumSize": "1,1",
          "MaximumSize": "4096,4096",
          "Disabled": false,
          "Hidden": false,
          "RestrictToParent": false,
          "MouseInputEnabled": true,
          "HideToolTip": false,
          "ToolTipBackground": null,
          "ToolTipFont": null,
          "ToolTipTextColor": "",
          "Texture": "",
          "HoverSound": "octave-tap-resonant.wav",
          "LeftMouseClickSound": "octave-tap-warm.wav",
          "RightMouseClickSound": "octave-beep-tapped.wav",
          "Children": {
            "HotbarEquipedIcon9": {
              "Bounds": "26,2,2,2",
              "Padding": "0,0,0,0",
              "AlignmentEdgeDistances": "0,0,0,0",
              "AlignmentTransform": "0,0",
              "Margin": "0,0,0,0",
              "RenderColor": "0,255,0,0",
              "Alignments": "",
              "DrawBackground": true,
              "MinimumSize": "1,1",
              "MaximumSize": "4096,4096",
              "Disabled": false,
              "Hidden": false,
              "RestrictToParent": false,
              "MouseInputEnabled": false,
              "HideToolTip": false,
              "ToolTipBackground": null,
              "ToolTipFont": null,
              "ToolTipTextColor": "",
              "Texture": "",
              "HoverSound": null,
              "LeftMouseClickSound": null,
              "RightMouseClickSound": null
            }
          }
        },
        "HotbarEquippedLabel9": {
          "Bounds": "24,0,10,11",
          "Padding": "0,0,0,0",
          "AlignmentEdgeDistances": "0,0,0,0",
          "AlignmentTransform": "0,0",
          "Margin": "0,0,0,0",
          "RenderColor": "255,255,255,255",
          "Alignments": "Right,Top",
          "DrawBackground": true,
          "MinimumSize": "1,1",
          "MaximumSize": "4096,4096",
          "Disabled": false,
          "Hidden": true,
          "RestrictToParent": false,
          "MouseInputEnabled": false,
          "HideToolTip": false,
          "ToolTipBackground": null,
          "ToolTipFont": null,
          "ToolTipTextColor": "",
          "BackgroundTemplate": "equipped.png",
          "TextColor": "255,255,255,255",
          "HoveredTextColor": "",
          "ClickedTextColor": "",
          "DisabledTextColor": "255,90,90,90",
          "TextAlign": "Left, Top",
          "TextPadding": "2,-2,2,-1",
          "AutoSizeToContents": true,
          "Font": "sourcesansproblack,8",
          "TextScale": 1.0
        },
        "HotbarCooldownLabel9": {
          "Bounds": "14,12,5,11",
          "Padding": "0,0,0,0",
          "AlignmentEdgeDistances": "0,0,0,0",
          "AlignmentTransform": "0,0",
          "Margin": "0,0,0,0",
          "RenderColor": "255,255,255,255",
          "Alignments": "Center",
          "DrawBackground": true,
          "MinimumSize": "1,1",
          "MaximumSize": "4096,4096",
          "Disabled": false,
          "Hidden": false,
          "RestrictToParent": false,
          "MouseInputEnabled": false,
          "HideToolTip": false,
          "ToolTipBackground": null,
          "ToolTipFont": null,
          "ToolTipTextColor": "",
          "BackgroundTemplate": "quantity.png",
          "TextColor": "255,255,255,255",
          "HoveredTextColor": "",
          "ClickedTextColor": "",
          "DisabledTextColor": "255,90,90,90",
          "TextAlign": "Left, Top",
          "TextPadding": "2,-2,2,-1",
          "AutoSizeToContents": true,
          "Font": "sourcesansproblack,8",
          "TextScale": 1.0
        },
        "HotbarLabel9": {
          "Bounds": "24,24,10,11",
          "Padding": "0,0,0,0",
          "AlignmentEdgeDistances": "0,0,0,0",
          "AlignmentTransform": "0,0",
          "Margin": "0,0,0,0",
          "RenderColor": "255,255,255,255",
          "Alignments": "Bottom,Right",
          "DrawBackground": true,
          "MinimumSize": "1,1",
          "MaximumSize": "4096,4096",
          "Disabled": false,
          "Hidden": false,
          "RestrictToParent": false,
          "MouseInputEnabled": false,
          "HideToolTip": false,
          "ToolTipBackground": null,
          "ToolTipFont": null,
          "ToolTipTextColor": "",
          "BackgroundTemplate": "hotbar_label.png",
          "TextColor": "255,255,255,255",
          "HoveredTextColor": "",
          "ClickedTextColor": "",
          "DisabledTextColor": "255,90,90,90",
          "TextAlign": "Left, Top",
          "TextPadding": "2,-2,2,-1",
          "AutoSizeToContents": true,
          "Font": "sourcesansproblack,8",
          "TextScale": 1.0
        }
      }
    }
  }
}