{
  "Bounds": "428,299,364,244",
  "Padding": "0,4,8,0",
  "AlignmentEdgeDistances": "0,0,0,0",
  "AlignmentTransform": "0,0",
  "Margin": "0,0,0,0",
  "RenderColor": "255,255,255,255",
  "Alignments": "",
  "DrawBackground": true,
  "MinimumSize": "1,1",
  "MaximumSize": "4096,4096",
  "Disabled": false,
  "Hidden": false,
  "RestrictToParent": true,
  "MouseInputEnabled": false,
  "HideToolTip": false,
  "ToolTipBackground": null,
  "ToolTipFont": null,
  "ToolTipTextColor": "",
  "Texture": "itemdescexpanded.png",
  "HoverSound": null,
  "LeftMouseClickSound": null,
  "RightMouseClickSound": null,
  "Children": {
    "ItemIcon": {
      "Bounds": "68,68,48,48",
      "Padding": "0,0,0,0",
      "AlignmentEdgeDistances": "0,0,0,0",
      "AlignmentTransform": "0,0",
      "Margin": "0,0,0,0",
      "RenderColor": "255,255,255,255",
      "Alignments": "",
      "DrawBackground": true,
      "MinimumSize": "1,1",
      "MaximumSize": "4096,4096",
      "Disabled": false,
      "Hidden": false,
      "RestrictToParent": false,
      "MouseInputEnabled": false,
      "HideToolTip": false,
      "ToolTipBackground": null,
      "ToolTipFont": null,
      "ToolTipTextColor": "",
      "Texture": "",
      "HoverSound": null,
      "LeftMouseClickSound": null,
      "RightMouseClickSound": null
    },
    "ItemNameLabel": {
      "Bounds": "4,8,177,20",
      "Padding": "0,0,0,0",
      "AlignmentEdgeDistances": "0,0,0,0",
      "AlignmentTransform": "0,0",
      "Margin": "0,0,0,0",
      "RenderColor": "255,255,255,255",
      "Alignments": "",
      "DrawBackground": true,
      "MinimumSize": "1,1",
      "MaximumSize": "4096,4096",
      "Disabled": false,
      "Hidden": false,
      "RestrictToParent": false,
      "MouseInputEnabled": false,
      "HideToolTip": false,
      "ToolTipBackground": null,
      "ToolTipFont": null,
      "ToolTipTextColor": "",
      "BackgroundTemplate": null,
      "TextColor": "255,255,255,255",
      "HoveredTextColor": "",
      "ClickedTextColor": "",
      "DisabledTextColor": "255,90,90,90",
      "TextAlign": "Center",
      "TextPadding": "0,0,0,0",
      "AutoSizeToContents": false,
      "Font": "sourcesansproblack,12",
      "TextScale": 1.0
    },
    "ItemQuantityLabel": {
      "Bounds": "4,26,177,16",
      "Padding": "0,0,0,0",
      "AlignmentEdgeDistances": "0,0,0,0",
      "AlignmentTransform": "0,0",
      "Margin": "0,0,0,0",
      "RenderColor": "255,255,255,255",
      "Alignments": "",
      "DrawBackground": true,
      "MinimumSize": "1,1",
      "MaximumSize": "4096,4096",
      "Disabled": false,
      "Hidden": false,
      "RestrictToParent": false,
      "MouseInputEnabled": false,
      "HideToolTip": false,
      "ToolTipBackground": null,
      "ToolTipFont": null,
      "ToolTipTextColor": "",
      "BackgroundTemplate": null,
      "TextColor": "255,255,255,255",
      "HoveredTextColor": "",
      "ClickedTextColor": "",
      "DisabledTextColor": "255,90,90,90",
      "TextAlign": "Center",
      "TextPadding": "0,0,0,0",
      "AutoSizeToContents": false,
      "Font": "sourcesansproblack,10",
      "TextScale": 1.0
    },
    "ItemTypeLabel": {
      "Bounds": "4,122,177,16",
      "Padding": "0,0,0,0",
      "AlignmentEdgeDistances": "0,0,0,0",
      "AlignmentTransform": "0,0",
      "Margin": "0,0,0,0",
      "RenderColor": "255,255,255,255",
      "Alignments": "",
      "DrawBackground": true,
      "MinimumSize": "1,1",
      "MaximumSize": "4096,4096",
      "Disabled": false,
      "Hidden": false,
      "RestrictToParent": false,
      "MouseInputEnabled": false,
      "HideToolTip": false,
      "ToolTipBackground": null,
      "ToolTipFont": null,
      "ToolTipTextColor": "",
      "BackgroundTemplate": null,
      "TextColor": "255,255,255,255",
      "HoveredTextColor": "",
      "ClickedTextColor": "",
      "DisabledTextColor": "255,90,90,90",
      "TextAlign": "Center",
      "TextPadding": "0,0,0,0",
      "AutoSizeToContents": false,
      "Font": "sourcesansproblack,10",
      "TextScale": 1.0
    },
    "ItemValueLabel": {
      "Bounds": "4,44,177,16",
      "Padding": "0,0,0,0",
      "AlignmentEdgeDistances": "0,0,0,0",
      "AlignmentTransform": "0,0",
      "Margin": "0,0,0,0",
      "RenderColor": "255,255,255,255",
      "Alignments": "",
      "DrawBackground": true,
      "MinimumSize": "1,1",
      "MaximumSize": "4096,4096",
      "Disabled": false,
      "Hidden": false,
      "RestrictToParent": false,
      "MouseInputEnabled": false,
      "HideToolTip": false,
      "ToolTipBackground": null,
      "ToolTipFont": null,
      "ToolTipTextColor": "",
      "BackgroundTemplate": null,
      "TextColor": "255,255,255,255",
      "HoveredTextColor": "",
      "ClickedTextColor": "",
      "DisabledTextColor": "255,90,90,90",
      "TextAlign": "Center",
      "TextPadding": "0,0,0,0",
      "AutoSizeToContents": false,
      "Font": "sourcesansproblack,10",
      "TextScale": 1.0
    },
    "ItemDescription": {
      "Bounds": "4,150,177,100",
      "Padding": "0,0,0,0",
      "AlignmentEdgeDistances": "0,0,0,0",
      "AlignmentTransform": "0,0",
      "Margin": "0,0,0,0",
      "RenderColor": "255,255,255,255",
      "Alignments": "",
      "DrawBackground": true,
      "MinimumSize": "1,1",
      "MaximumSize": "4096,4096",
      "Disabled": false,
      "Hidden": false,
      "RestrictToParent": false,
      "MouseInputEnabled": false,
      "HideToolTip": false,
      "ToolTipBackground": null,
      "ToolTipFont": null,
      "ToolTipTextColor": ""
    },
    "ItemDescText": {
      "Bounds": "177,0,1,16",
      "Padding": "0,0,0,0",
      "AlignmentEdgeDistances": "0,0,0,0",
      "AlignmentTransform": "0,0",
      "Margin": "0,0,0,0",
      "RenderColor": "255,255,255,255",
      "Alignments": "CenterH",
      "DrawBackground": true,
      "MinimumSize": "1,1",
      "MaximumSize": "4096,4096",
      "Disabled": false,
      "Hidden": true,
      "RestrictToParent": false,
      "MouseInputEnabled": false,
      "HideToolTip": false,
      "ToolTipBackground": null,
      "ToolTipFont": null,
      "ToolTipTextColor": "",
      "BackgroundTemplate": null,
      "TextColor": "255,82,82,82",
      "HoveredTextColor": "",
      "ClickedTextColor": "",
      "DisabledTextColor": "255,90,90,90",
      "TextAlign": "Left, Top",
      "TextPadding": "0,0,0,0",
      "AutoSizeToContents": true,
      "Font": "sourcesansproblack,10",
      "TextScale": 1.0
    },
    "ItemStatsText": {
      "Bounds": "0,0,1,16",
      "Padding": "0,0,0,0",
      "AlignmentEdgeDistances": "0,0,0,0",
      "AlignmentTransform": "0,0",
      "Margin": "0,0,0,0",
      "RenderColor": "255,255,255,255",
      "Alignments": "",
      "DrawBackground": true,
      "MinimumSize": "1,1",
      "MaximumSize": "4096,4096",
      "Disabled": false,
      "Hidden": true,
      "RestrictToParent": false,
      "MouseInputEnabled": false,
      "HideToolTip": false,
      "ToolTipBackground": null,
      "ToolTipFont": null,
      "ToolTipTextColor": "",
      "BackgroundTemplate": null,
      "TextColor": "255,82,82,82",
      "HoveredTextColor": "",
      "ClickedTextColor": "",
      "DisabledTextColor": "255,90,90,90",
      "TextAlign": "Left, Top",
      "TextPadding": "0,0,0,0",
      "AutoSizeToContents": true,
      "Font": "sourcesansproblack,10",
      "TextScale": 1.0
    },
    "ItemStats": {
      "Bounds": "192,8,173,228",
      "Padding": "0,0,0,0",
      "AlignmentEdgeDistances": "0,0,0,0",
      "AlignmentTransform": "0,0",
      "Margin": "0,0,0,0",
      "RenderColor": "255,255,255,255",
      "Alignments": "",
      "DrawBackground": true,
      "MinimumSize": "1,1",
      "MaximumSize": "4096,4096",
      "Disabled": false,
      "Hidden": false,
      "RestrictToParent": false,
      "MouseInputEnabled": false,
      "HideToolTip": false,
      "ToolTipBackground": null,
      "ToolTipFont": null,
      "ToolTipTextColor": ""
    }
  }
}