{
  "Bounds": "507,554,289,42",
  "Padding": "0,0,0,0",
  "AlignmentEdgeDistances": "0,0,4,4",
  "AlignmentTransform": "0,0",
  "Margin": "0,0,0,0",
  "RenderColor": "255,255,255,255",
  "Alignments": "Right,Bottom",
  "DrawBackground": true,
  "MinimumSize": "1,1",
  "MaximumSize": "4096,4096",
  "Disabled": false,
  "Hidden": false,
  "RestrictToParent": true,
  "MouseInputEnabled": true,
  "HideToolTip": false,
  "ToolTipBackground": null,
  "ToolTipFont": null,
  "ToolTipTextColor": "",
  "Texture": "gamemenu.png",
  "HoverSound": null,
  "LeftMouseClickSound": null,
  "RightMouseClickSound": null,
  "Children": {
    "InventoryContainer": {
      "Bounds": "8,4,34,35",
      "Padding": "0,0,0,0",
      "AlignmentEdgeDistances": "0,0,0,0",
      "AlignmentTransform": "0,0",
      "Margin": "0,0,0,0",
      "RenderColor": "255,255,255,255",
      "Alignments": "",
      "DrawBackground": true,
      "MinimumSize": "1,1",
      "MaximumSize": "4096,4096",
      "Disabled": false,
      "Hidden": false,
      "RestrictToParent": false,
      "MouseInputEnabled": false,
      "HideToolTip": false,
      "ToolTipBackground": null,
      "ToolTipFont": null,
      "ToolTipTextColor": "",
      "Texture": "menuitem.png",
      "HoverSound": null,
      "LeftMouseClickSound": null,
      "RightMouseClickSound": null,
      "Children": {
        "InventoryButton": {
          "Bounds": "1,1,32,32",
          "Padding": "3,3,3,3",
          "AlignmentEdgeDistances": "0,0,0,0",
          "AlignmentTransform": "0,0",
          "Margin": "0,0,0,0",
          "RenderColor": "255,255,255,255",
          "Alignments": "",
          "DrawBackground": true,
          "MinimumSize": "1,1",
          "MaximumSize": "4096,4096",
          "Disabled": false,
          "Hidden": false,
          "RestrictToParent": false,
          "MouseInputEnabled": true,
          "HideToolTip": false,
          "ToolTipBackground": "tooltip.png",
          "ToolTipFont": "sourcesansproblack,10",
          "ToolTipTextColor": "255,255,255,255",
          "TextColor": "0,255,255,255",
          "HoveredTextColor": "",
          "ClickedTextColor": "",
          "DisabledTextColor": "255,225,225,225",
          "TextAlign": "Center",
          "TextPadding": "3,3,3,3",
          "AutoSizeToContents": false,
          "Font": "arial,10",
          "TextScale": 1.0,
          "NormalImage": "inventoryicon.png",
          "HoveredImage": "",
          "ClickedImage": "",
          "DisabledImage": "",
          "CenterImage": false,
          "HoverSound": "octave-tap-resonant.wav",
          "MouseUpSound": "",
          "MouseDownSound": "octave-tap-warm.wav",
          "ClickSound": ""
        }
      }
    },
    "SpellsContainer": {
      "Bounds": "48,4,34,35",
      "Padding": "0,0,0,0",
      "AlignmentEdgeDistances": "0,0,0,0",
      "AlignmentTransform": "0,0",
      "Margin": "0,0,0,0",
      "RenderColor": "255,255,255,255",
      "Alignments": "",
      "DrawBackground": true,
      "MinimumSize": "1,1",
      "MaximumSize": "4096,4096",
      "Disabled": false,
      "Hidden": false,
      "RestrictToParent": false,
      "MouseInputEnabled": false,
      "HideToolTip": false,
      "ToolTipBackground": null,
      "ToolTipFont": null,
      "ToolTipTextColor": "",
      "Texture": "menuitem.png",
      "HoverSound": null,
      "LeftMouseClickSound": null,
      "RightMouseClickSound": null,
      "Children": {
        "SpellsButton": {
          "Bounds": "1,1,32,32",
          "Padding": "3,3,3,3",
          "AlignmentEdgeDistances": "0,0,0,0",
          "AlignmentTransform": "0,0",
          "Margin": "0,0,0,0",
          "RenderColor": "255,255,255,255",
          "Alignments": "",
          "DrawBackground": true,
          "MinimumSize": "1,1",
          "MaximumSize": "4096,4096",
          "Disabled": false,
          "Hidden": false,
          "RestrictToParent": false,
          "MouseInputEnabled": true,
          "HideToolTip": false,
          "ToolTipBackground": "tooltip.png",
          "ToolTipFont": "sourcesansproblack,10",
          "ToolTipTextColor": "255,255,255,255",
          "TextColor": "0,255,255,255",
          "HoveredTextColor": "",
          "ClickedTextColor": "",
          "DisabledTextColor": "255,90,90,90",
          "TextAlign": "Center",
          "TextPadding": "3,3,3,3",
          "AutoSizeToContents": false,
          "Font": "arial,10",
          "TextScale": 1.0,
          "NormalImage": "spellicon.png",
          "HoveredImage": "",
          "ClickedImage": "",
          "DisabledImage": "",
          "CenterImage": false,
          "HoverSound": "octave-tap-resonant.wav",
          "MouseUpSound": "",
          "MouseDownSound": "octave-tap-warm.wav",
          "ClickSound": ""
        }
      }
    },
    "CharacterContainer": {
      "Bounds": "88,4,34,35",
      "Padding": "0,0,0,0",
      "AlignmentEdgeDistances": "0,0,0,0",
      "AlignmentTransform": "0,0",
      "Margin": "0,0,0,0",
      "RenderColor": "255,255,255,255",
      "Alignments": "",
      "DrawBackground": true,
      "MinimumSize": "1,1",
      "MaximumSize": "4096,4096",
      "Disabled": false,
      "Hidden": false,
      "RestrictToParent": false,
      "MouseInputEnabled": false,
      "HideToolTip": false,
      "ToolTipBackground": null,
      "ToolTipFont": null,
      "ToolTipTextColor": "",
      "Texture": "menuitem.png",
      "HoverSound": null,
      "LeftMouseClickSound": null,
      "RightMouseClickSound": null,
      "Children": {
        "CharacterButton": {
          "Bounds": "1,1,32,32",
          "Padding": "3,3,3,3",
          "AlignmentEdgeDistances": "0,0,0,0",
          "AlignmentTransform": "0,0",
          "Margin": "0,0,0,0",
          "RenderColor": "255,255,255,255",
          "Alignments": "",
          "DrawBackground": true,
          "MinimumSize": "1,1",
          "MaximumSize": "4096,4096",
          "Disabled": false,
          "Hidden": false,
          "RestrictToParent": false,
          "MouseInputEnabled": true,
          "HideToolTip": false,
          "ToolTipBackground": "tooltip.png",
          "ToolTipFont": "sourcesansproblack,10",
          "ToolTipTextColor": "255,255,255,255",
          "TextColor": "0,255,255,255",
          "HoveredTextColor": "",
          "ClickedTextColor": "",
          "DisabledTextColor": "255,90,90,90",
          "TextAlign": "Center",
          "TextPadding": "3,3,3,3",
          "AutoSizeToContents": false,
          "Font": "arial,10",
          "TextScale": 1.0,
          "NormalImage": "charactericon.png",
          "HoveredImage": "",
          "ClickedImage": "",
          "DisabledImage": "",
          "CenterImage": false,
          "HoverSound": "octave-tap-resonant.wav",
          "MouseUpSound": "",
          "MouseDownSound": "octave-tap-warm.wav",
          "ClickSound": ""
        }
      }
    },
    "QuestsContainer": {
      "Bounds": "128,4,34,35",
      "Padding": "0,0,0,0",
      "AlignmentEdgeDistances": "0,0,0,0",
      "AlignmentTransform": "0,0",
      "Margin": "0,0,0,0",
      "RenderColor": "255,255,255,255",
      "Alignments": "",
      "DrawBackground": true,
      "MinimumSize": "1,1",
      "MaximumSize": "4096,4096",
      "Disabled": false,
      "Hidden": false,
      "RestrictToParent": false,
      "MouseInputEnabled": false,
      "HideToolTip": false,
      "ToolTipBackground": null,
      "ToolTipFont": null,
      "ToolTipTextColor": "",
      "Texture": "menuitem.png",
      "HoverSound": null,
      "LeftMouseClickSound": null,
      "RightMouseClickSound": null,
      "Children": {
        "QuestsButton": {
          "Bounds": "1,1,32,32",
          "Padding": "3,3,3,3",
          "AlignmentEdgeDistances": "0,0,0,0",
          "AlignmentTransform": "0,0",
          "Margin": "0,0,0,0",
          "RenderColor": "255,255,255,255",
          "Alignments": "",
          "DrawBackground": true,
          "MinimumSize": "1,1",
          "MaximumSize": "4096,4096",
          "Disabled": false,
          "Hidden": false,
          "RestrictToParent": false,
          "MouseInputEnabled": true,
          "HideToolTip": false,
          "ToolTipBackground": "tooltip.png",
          "ToolTipFont": "sourcesansproblack,10",
          "ToolTipTextColor": "255,255,255,255",
          "TextColor": "0,255,255,255",
          "HoveredTextColor": "",
          "ClickedTextColor": "",
          "DisabledTextColor": "255,90,90,90",
          "TextAlign": "Center",
          "TextPadding": "3,3,3,3",
          "AutoSizeToContents": false,
          "Font": "arial,10",
          "TextScale": 1.0,
          "NormalImage": "questsicon.png",
          "HoveredImage": "",
          "ClickedImage": "",
          "DisabledImage": "",
          "CenterImage": false,
          "HoverSound": "octave-tap-resonant.wav",
          "MouseUpSound": "",
          "MouseDownSound": "octave-tap-warm.wav",
          "ClickSound": ""
        }
      }
    },
    "FriendsContainer": {
      "Bounds": "168,4,34,35",
      "Padding": "0,0,0,0",
      "AlignmentEdgeDistances": "0,0,0,0",
      "AlignmentTransform": "0,0",
      "Margin": "0,0,0,0",
      "RenderColor": "255,255,255,255",
      "Alignments": "",
      "DrawBackground": true,
      "MinimumSize": "1,1",
      "MaximumSize": "4096,4096",
      "Disabled": false,
      "Hidden": false,
      "RestrictToParent": false,
      "MouseInputEnabled": false,
      "HideToolTip": false,
      "ToolTipBackground": null,
      "ToolTipFont": null,
      "ToolTipTextColor": "",
      "Texture": "menuitem.png",
      "HoverSound": null,
      "LeftMouseClickSound": null,
      "RightMouseClickSound": null,
      "Children": {
        "FriendsButton": {
          "Bounds": "1,1,32,32",
          "Padding": "3,3,3,3",
          "AlignmentEdgeDistances": "0,0,0,0",
          "AlignmentTransform": "0,0",
          "Margin": "0,0,0,0",
          "RenderColor": "255,255,255,255",
          "Alignments": "",
          "DrawBackground": true,
          "MinimumSize": "1,1",
          "MaximumSize": "4096,4096",
          "Disabled": false,
          "Hidden": false,
          "RestrictToParent": false,
          "MouseInputEnabled": true,
          "HideToolTip": false,
          "ToolTipBackground": "tooltip.png",
          "ToolTipFont": "sourcesansproblack,10",
          "ToolTipTextColor": "255,255,255,255",
          "TextColor": "0,255,255,255",
          "HoveredTextColor": "",
          "ClickedTextColor": "",
          "DisabledTextColor": "255,90,90,90",
          "TextAlign": "Center",
          "TextPadding": "3,3,3,3",
          "AutoSizeToContents": false,
          "Font": "arial,10",
          "TextScale": 1.0,
          "NormalImage": "friendsicon.png",
          "HoveredImage": "",
          "ClickedImage": "",
          "DisabledImage": "",
          "CenterImage": false,
          "HoverSound": "octave-tap-resonant.wav",
          "MouseUpSound": "",
          "MouseDownSound": "octave-tap-warm.wav",
          "ClickSound": ""
        }
      }
    },
    "PartyContainer": {
      "Bounds": "208,4,34,35",
      "Padding": "0,0,0,0",
      "AlignmentEdgeDistances": "0,0,0,0",
      "AlignmentTransform": "0,0",
      "Margin": "0,0,0,0",
      "RenderColor": "255,255,255,255",
      "Alignments": "",
      "DrawBackground": true,
      "MinimumSize": "1,1",
      "MaximumSize": "4096,4096",
      "Disabled": false,
      "Hidden": false,
      "RestrictToParent": false,
      "MouseInputEnabled": false,
      "HideToolTip": false,
      "ToolTipBackground": null,
      "ToolTipFont": null,
      "ToolTipTextColor": "",
      "Texture": "menuitem.png",
      "HoverSound": null,
      "LeftMouseClickSound": null,
      "RightMouseClickSound": null,
      "Children": {
        "PartyButton": {
          "Bounds": "2,2,30,30",
          "Padding": "3,3,3,3",
          "AlignmentEdgeDistances": "0,0,0,0",
          "AlignmentTransform": "0,0",
          "Margin": "0,0,0,0",
          "RenderColor": "255,255,255,255",
          "Alignments": "",
          "DrawBackground": true,
          "MinimumSize": "1,1",
          "MaximumSize": "4096,4096",
          "Disabled": false,
          "Hidden": false,
          "RestrictToParent": false,
          "MouseInputEnabled": true,
          "HideToolTip": false,
          "ToolTipBackground": "tooltip.png",
          "ToolTipFont": "sourcesansproblack,10",
          "ToolTipTextColor": "255,255,255,255",
          "TextColor": "0,255,255,255",
          "HoveredTextColor": "",
          "ClickedTextColor": "",
          "DisabledTextColor": "255,90,90,90",
          "TextAlign": "Center",
          "TextPadding": "3,3,3,3",
          "AutoSizeToContents": false,
          "Font": "arial,10",
          "TextScale": 1.0,
          "NormalImage": "partyicon.png",
          "HoveredImage": "",
          "ClickedImage": "",
          "DisabledImage": "",
          "CenterImage": false,
          "HoverSound": "octave-tap-resonant.wav",
          "MouseUpSound": "",
          "MouseDownSound": "octave-tap-warm.wav",
          "ClickSound": ""
        }
      }
    },
    "MenuContainer": {
      "Bounds": "248,4,34,35",
      "Padding": "0,0,0,0",
      "AlignmentEdgeDistances": "0,0,0,0",
      "AlignmentTransform": "0,0",
      "Margin": "0,0,0,0",
      "RenderColor": "255,255,255,255",
      "Alignments": "",
      "DrawBackground": true,
      "MinimumSize": "1,1",
      "MaximumSize": "4096,4096",
      "Disabled": false,
      "Hidden": false,
      "RestrictToParent": false,
      "MouseInputEnabled": true,
      "HideToolTip": false,
      "ToolTipBackground": null,
      "ToolTipFont": null,
      "ToolTipTextColor": "",
      "Texture": "menuitem.png",
      "HoverSound": null,
      "LeftMouseClickSound": null,
      "RightMouseClickSound": null,
      "Children": {
        "MenuButton": {
          "Bounds": "1,1,32,32",
          "Padding": "0,0,0,0",
          "AlignmentEdgeDistances": "0,0,0,0",
          "AlignmentTransform": "0,0",
          "Margin": "0,0,0,0",
          "RenderColor": "255,255,255,255",
          "Alignments": "",
          "DrawBackground": true,
          "MinimumSize": "1,1",
          "MaximumSize": "4096,4096",
          "Disabled": false,
          "Hidden": false,
          "RestrictToParent": false,
          "MouseInputEnabled": true,
          "HideToolTip": false,
          "ToolTipBackground": "tooltip.png",
          "ToolTipFont": "sourcesansproblack,10",
          "ToolTipTextColor": "255,255,255,255",
          "TextColor": "255,82,82,82",
          "HoveredTextColor": "",
          "ClickedTextColor": "",
          "DisabledTextColor": "255,90,90,90",
          "TextAlign": "Center",
          "TextPadding": "3,3,3,3",
          "AutoSizeToContents": false,
          "Font": null,
          "TextScale": 1.0,
          "NormalImage": "menuicon.png",
          "HoveredImage": null,
          "ClickedImage": null,
          "DisabledImage": null,
          "CenterImage": false,
          "HoverSound": "octave-tap-resonant.wav",
          "MouseUpSound": "",
          "MouseDownSound": "octave-tap-warm.wav",
          "ClickSound": ""
        }
      }
    }
  }
}