{
  "Bounds": "574,202,220,338",
  "Padding": "0,0,0,0",
  "AlignmentEdgeDistances": "0,0,6,60",
  "AlignmentTransform": "0,0",
  "Margin": "0,0,0,0",
  "RenderColor": "255,255,255,255",
  "Alignments": "Bottom,Right",
  "DrawBackground": true,
  "MinimumSize": "100,40",
  "MaximumSize": "4096,4096",
  "Disabled": false,
  "Hidden": true,
  "RestrictToParent": true,
  "MouseInputEnabled": true,
  "HideToolTip": false,
  "ToolTipBackground": null,
  "ToolTipFont": null,
  "ToolTipTextColor": "",
  "ClampMovement": true,
  "ActiveImage": "party.png",
  "InactiveImage": "",
  "ActiveColor": "255,220,220,220",
  "InactiveColor": "",
  "Closable": true,
  "Titlebar": {
    "Bounds": "0,0,220,29",
    "Padding": "0,0,0,0",
    "AlignmentEdgeDistances": "0,0,0,0",
    "AlignmentTransform": "0,0",
    "Margin": "0,0,0,0",
    "RenderColor": "255,255,255,255",
    "Alignments": "",
    "DrawBackground": true,
    "MinimumSize": "1,1",
    "MaximumSize": "4096,4096",
    "Disabled": false,
    "Hidden": false,
    "RestrictToParent": false,
    "MouseInputEnabled": true,
    "HideToolTip": false,
    "ToolTipBackground": null,
    "ToolTipFont": null,
    "ToolTipTextColor": "",
    "NormalImage": "",
    "HoveredImage": "",
    "ClickedImage": "",
    "DisabledImage": "",
    "HoverSound": "",
    "MouseUpSound": "",
    "MouseDownSound": ""
  },
  "Title": {
    "Bounds": "0,0,85,31",
    "Padding": "40,7,4,4",
    "AlignmentEdgeDistances": "0,0,0,0",
    "AlignmentTransform": "0,0",
    "Margin": "0,0,0,0",
    "RenderColor": "255,255,255,255",
    "Alignments": "",
    "DrawBackground": true,
    "MinimumSize": "1,1",
    "MaximumSize": "4096,4096",
    "Disabled": false,
    "Hidden": false,
    "RestrictToParent": false,
    "MouseInputEnabled": false,
    "HideToolTip": false,
    "ToolTipBackground": null,
    "ToolTipFont": null,
    "ToolTipTextColor": "",
    "BackgroundTemplate": null,
    "TextColor": "0,255,255,255",
    "HoveredTextColor": "",
    "ClickedTextColor": "",
    "DisabledTextColor": "255,90,90,90",
    "TextAlign": "Left, CenterV",
    "TextPadding": "0,0,0,0",
    "AutoSizeToContents": true,
    "Font": "sourcesansproblack,12",
    "TextScale": 1.0
  },
  "CloseButton": {
    "Bounds": "194,4,26,25",
    "Padding": "3,4,0,0",
    "AlignmentEdgeDistances": "0,0,0,0",
    "AlignmentTransform": "0,0",
    "Margin": "0,0,0,0",
    "RenderColor": "255,255,255,255",
    "Alignments": "Top,Right",
    "DrawBackground": true,
    "MinimumSize": "1,1",
    "MaximumSize": "30,30",
    "Disabled": false,
    "Hidden": false,
    "RestrictToParent": true,
    "MouseInputEnabled": true,
    "HideToolTip": false,
    "ToolTipBackground": null,
    "ToolTipFont": null,
    "ToolTipTextColor": "",
    "TextColor": "0,255,255,255",
    "HoveredTextColor": "",
    "ClickedTextColor": "",
    "DisabledTextColor": "255,90,90,90",
    "TextAlign": "Center",
    "TextPadding": "3,3,3,3",
    "AutoSizeToContents": false,
    "Font": "sourcesansproblack,10",
    "TextScale": 1.0,
    "NormalImage": "closenormal.png",
    "HoveredImage": "closehover.png",
    "ClickedImage": "closeclicked.png",
    "DisabledImage": "",
    "CenterImage": false,
    "HoverSound": "octave-tap-resonant.wav",
    "MouseUpSound": "",
    "MouseDownSound": "octave-tap-warm.wav",
    "ClickSound": ""
  },
  "InnerPanel": {
    "Bounds": "0,0,10,10",
    "Padding": "0,0,0,0",
    "AlignmentEdgeDistances": "0,0,0,0",
    "AlignmentTransform": "0,0",
    "Margin": "0,0,0,0",
    "RenderColor": "255,255,255,255",
    "Alignments": "",
    "DrawBackground": true,
    "MinimumSize": "1,1",
    "MaximumSize": "4096,4096",
    "Disabled": false,
    "Hidden": false,
    "RestrictToParent": false,
    "MouseInputEnabled": true,
    "HideToolTip": false,
    "ToolTipBackground": null,
    "ToolTipFont": null,
    "ToolTipTextColor": "",
    "Children": {
      "LeaderIcon": {
        "Bounds": "148,4,34,34",
        "Padding": "0,0,0,0",
        "AlignmentEdgeDistances": "0,0,0,0",
        "AlignmentTransform": "0,0",
        "Margin": "0,0,0,0",
        "RenderColor": "0,255,255,255",
        "Alignments": "",
        "DrawBackground": true,
        "MinimumSize": "1,1",
        "MaximumSize": "4096,4096",
        "Disabled": false,
        "Hidden": true,
        "RestrictToParent": false,
        "MouseInputEnabled": true,
        "HideToolTip": true,
        "ToolTipBackground": null,
        "ToolTipFont": null,
        "ToolTipTextColor": "",
        "Texture": null,
        "HoverSound": null,
        "LeftMouseClickSound": null,
        "RightMouseClickSound": null
      },
      "LeaderText": {
        "Bounds": "42,5,168,16",
        "Padding": "0,0,0,0",
        "AlignmentEdgeDistances": "0,0,0,0",
        "AlignmentTransform": "0,0",
        "Margin": "0,0,0,0",
        "RenderColor": "255,255,255,255",
        "Alignments": "",
        "DrawBackground": true,
        "MinimumSize": "1,1",
        "MaximumSize": "4096,4096",
        "Disabled": false,
        "Hidden": true,
        "RestrictToParent": false,
        "MouseInputEnabled": false,
        "HideToolTip": true,
        "ToolTipBackground": null,
        "ToolTipFont": null,
        "ToolTipTextColor": "",
        "BackgroundTemplate": null,
        "TextColor": "255,255,255,255",
        "HoveredTextColor": "",
        "ClickedTextColor": "",
        "DisabledTextColor": "255,90,90,90",
        "TextAlign": "Right, Top",
        "TextPadding": "0,0,0,0",
        "AutoSizeToContents": false,
        "Font": "sourcesansproblack,10",
        "TextScale": 1.0
      },
      "MemberName0": {
        "Bounds": "10,5,1,16",
        "Padding": "0,0,0,0",
        "AlignmentEdgeDistances": "0,0,0,0",
        "AlignmentTransform": "0,0",
        "Margin": "0,0,0,0",
        "RenderColor": "255,255,255,255",
        "Alignments": "",
        "DrawBackground": true,
        "MinimumSize": "1,1",
        "MaximumSize": "4096,4096",
        "Disabled": false,
        "Hidden": false,
        "RestrictToParent": false,
        "MouseInputEnabled": false,
        "HideToolTip": false,
        "ToolTipBackground": null,
        "ToolTipFont": null,
        "ToolTipTextColor": "",
        "BackgroundTemplate": null,
        "TextColor": "255,255,255,255",
        "HoveredTextColor": "",
        "ClickedTextColor": "",
        "DisabledTextColor": "255,90,90,90",
        "TextAlign": "Left, Top",
        "TextPadding": "0,0,0,0",
        "AutoSizeToContents": true,
        "Font": "sourcesansproblack,10",
        "TextScale": 1.0
      },
      "HealthBarContainer0": {
        "Bounds": "42,25,168,14",
        "Padding": "0,0,0,0",
        "AlignmentEdgeDistances": "0,0,0,0",
        "AlignmentTransform": "0,0",
        "Margin": "0,0,0,0",
        "RenderColor": "255,255,255,255",
        "Alignments": "",
        "DrawBackground": true,
        "MinimumSize": "1,1",
        "MaximumSize": "4096,4096",
        "Disabled": false,
        "Hidden": true,
        "RestrictToParent": false,
        "MouseInputEnabled": true,
        "HideToolTip": false,
        "ToolTipBackground": null,
        "ToolTipFont": null,
        "ToolTipTextColor": "",
        "Texture": "emptybar.png",
        "HoverSound": null,
        "LeftMouseClickSound": null,
        "RightMouseClickSound": null,
        "Children": {
          "HealthBar0": {
            "Bounds": "0,0,168,14",
            "Padding": "0,0,0,0",
            "AlignmentEdgeDistances": "0,0,0,0",
            "AlignmentTransform": "0,0",
            "Margin": "0,0,0,0",
            "RenderColor": "255,255,255,255",
            "Alignments": "",
            "DrawBackground": true,
            "MinimumSize": "1,1",
            "MaximumSize": "4096,4096",
            "Disabled": false,
            "Hidden": false,
            "RestrictToParent": false,
            "MouseInputEnabled": true,
            "HideToolTip": false,
            "ToolTipBackground": null,
            "ToolTipFont": null,
            "ToolTipTextColor": "",
            "Texture": "hpbar.png",
            "HoverSound": null,
            "LeftMouseClickSound": null,
            "RightMouseClickSound": null
          }
        }
      },
      "HealthLabel0": {
        "Bounds": "10,23,21,16",
        "Padding": "0,0,0,0",
        "AlignmentEdgeDistances": "0,0,0,0",
        "AlignmentTransform": "0,0",
        "Margin": "0,0,0,0",
        "RenderColor": "255,255,255,255",
        "Alignments": "",
        "DrawBackground": true,
        "MinimumSize": "1,1",
        "MaximumSize": "4096,4096",
        "Disabled": false,
        "Hidden": true,
        "RestrictToParent": false,
        "MouseInputEnabled": false,
        "HideToolTip": false,
        "ToolTipBackground": null,
        "ToolTipFont": null,
        "ToolTipTextColor": "",
        "BackgroundTemplate": null,
        "TextColor": "255,255,255,255",
        "HoveredTextColor": "",
        "ClickedTextColor": "",
        "DisabledTextColor": "255,90,90,90",
        "TextAlign": "Left, Top",
        "TextPadding": "0,0,0,0",
        "AutoSizeToContents": true,
        "Font": "sourcesansproblack,10",
        "TextScale": 1.0
      },
      "HealthValue0": {
        "Bounds": "42,23,168,14",
        "Padding": "0,0,0,0",
        "AlignmentEdgeDistances": "0,0,0,0",
        "AlignmentTransform": "0,0",
        "Margin": "0,0,0,0",
        "RenderColor": "255,255,255,255",
        "Alignments": "",
        "DrawBackground": true,
        "MinimumSize": "1,1",
        "MaximumSize": "4096,4096",
        "Disabled": false,
        "Hidden": true,
        "RestrictToParent": false,
        "MouseInputEnabled": false,
        "HideToolTip": false,
        "ToolTipBackground": null,
        "ToolTipFont": null,
        "ToolTipTextColor": "",
        "BackgroundTemplate": null,
        "TextColor": "255,255,255,255",
        "HoveredTextColor": "",
        "ClickedTextColor": "",
        "DisabledTextColor": "255,90,90,90",
        "TextAlign": "Center",
        "TextPadding": "0,0,0,0",
        "AutoSizeToContents": false,
        "Font": "sourcesansproblack,10",
        "TextScale": 1.0
      },
      "ManaBarContainer0": {
        "Bounds": "42,45,168,14",
        "Padding": "0,0,0,0",
        "AlignmentEdgeDistances": "0,0,0,0",
        "AlignmentTransform": "0,0",
        "Margin": "0,0,0,0",
        "RenderColor": "255,255,255,255",
        "Alignments": "",
        "DrawBackground": true,
        "MinimumSize": "1,1",
        "MaximumSize": "4096,4096",
        "Disabled": false,
        "Hidden": false,
        "RestrictToParent": false,
        "MouseInputEnabled": true,
        "HideToolTip": false,
        "ToolTipBackground": null,
        "ToolTipFont": null,
        "ToolTipTextColor": "",
        "Texture": "emptybar.png",
        "HoverSound": null,
        "LeftMouseClickSound": null,
        "RightMouseClickSound": null,
        "Children": {
          "ManaBar0": {
            "Bounds": "0,0,168,14",
            "Padding": "0,0,0,0",
            "AlignmentEdgeDistances": "0,0,0,0",
            "AlignmentTransform": "0,0",
            "Margin": "0,0,0,0",
            "RenderColor": "255,255,255,255",
            "Alignments": "",
            "DrawBackground": true,
            "MinimumSize": "1,1",
            "MaximumSize": "4096,4096",
            "Disabled": false,
            "Hidden": false,
            "RestrictToParent": false,
            "MouseInputEnabled": true,
            "HideToolTip": false,
            "ToolTipBackground": null,
            "ToolTipFont": null,
            "ToolTipTextColor": "",
            "Texture": "manabar.png",
            "HoverSound": null,
            "LeftMouseClickSound": null,
            "RightMouseClickSound": null
          }
        }
      },
      "ManaLabel0": {
        "Bounds": "10,45,22,16",
        "Padding": "0,0,0,0",
        "AlignmentEdgeDistances": "0,0,0,0",
        "AlignmentTransform": "0,0",
        "Margin": "0,0,0,0",
        "RenderColor": "255,255,255,255",
        "Alignments": "",
        "DrawBackground": true,
        "MinimumSize": "1,1",
        "MaximumSize": "4096,4096",
        "Disabled": false,
        "Hidden": true,
        "RestrictToParent": false,
        "MouseInputEnabled": false,
        "HideToolTip": false,
        "ToolTipBackground": null,
        "ToolTipFont": null,
        "ToolTipTextColor": "",
        "BackgroundTemplate": null,
        "TextColor": "255,255,255,255",
        "HoveredTextColor": "",
        "ClickedTextColor": "",
        "DisabledTextColor": "255,90,90,90",
        "TextAlign": "Left, Top",
        "TextPadding": "0,0,0,0",
        "AutoSizeToContents": true,
        "Font": "sourcesansproblack,10",
        "TextScale": 1.0
      },
      "ManaValue0": {
        "Bounds": "42,45,168,14",
        "Padding": "0,0,0,0",
        "AlignmentEdgeDistances": "0,0,0,0",
        "AlignmentTransform": "0,0",
        "Margin": "0,0,0,0",
        "RenderColor": "255,255,255,255",
        "Alignments": "",
        "DrawBackground": true,
        "MinimumSize": "1,1",
        "MaximumSize": "4096,4096",
        "Disabled": false,
        "Hidden": true,
        "RestrictToParent": false,
        "MouseInputEnabled": false,
        "HideToolTip": false,
        "ToolTipBackground": null,
        "ToolTipFont": null,
        "ToolTipTextColor": "",
        "BackgroundTemplate": null,
        "TextColor": "255,255,255,255",
        "HoveredTextColor": "",
        "ClickedTextColor": "",
        "DisabledTextColor": "255,90,90,90",
        "TextAlign": "Center",
        "TextPadding": "0,0,0,0",
        "AutoSizeToContents": false,
        "Font": "sourcesansproblack,10",
        "TextScale": 1.0
      },
      "MemberName1": {
        "Bounds": "10,71,1,16",
        "Padding": "0,0,0,0",
        "AlignmentEdgeDistances": "0,0,0,0",
        "AlignmentTransform": "0,0",
        "Margin": "0,0,0,0",
        "RenderColor": "255,255,255,255",
        "Alignments": "",
        "DrawBackground": true,
        "MinimumSize": "1,1",
        "MaximumSize": "4096,4096",
        "Disabled": false,
        "Hidden": false,
        "RestrictToParent": false,
        "MouseInputEnabled": false,
        "HideToolTip": false,
        "ToolTipBackground": null,
        "ToolTipFont": null,
        "ToolTipTextColor": "",
        "BackgroundTemplate": null,
        "TextColor": "255,255,255,255",
        "HoveredTextColor": "",
        "ClickedTextColor": "",
        "DisabledTextColor": "255,90,90,90",
        "TextAlign": "Left, Top",
        "TextPadding": "0,0,0,0",
        "AutoSizeToContents": true,
        "Font": "sourcesansproblack,10",
        "TextScale": 1.0
      },
      "HealthBarContainer1": {
        "Bounds": "42,91,168,14",
        "Padding": "0,0,0,0",
        "AlignmentEdgeDistances": "0,0,0,0",
        "AlignmentTransform": "0,0",
        "Margin": "0,0,0,0",
        "RenderColor": "255,255,255,255",
        "Alignments": "",
        "DrawBackground": true,
        "MinimumSize": "1,1",
        "MaximumSize": "4096,4096",
        "Disabled": false,
        "Hidden": true,
        "RestrictToParent": false,
        "MouseInputEnabled": true,
        "HideToolTip": false,
        "ToolTipBackground": null,
        "ToolTipFont": null,
        "ToolTipTextColor": "",
        "Texture": "emptybar.png",
        "HoverSound": null,
        "LeftMouseClickSound": null,
        "RightMouseClickSound": null,
        "Children": {
          "HealthBar1": {
            "Bounds": "0,0,168,14",
            "Padding": "0,0,0,0",
            "AlignmentEdgeDistances": "0,0,0,0",
            "AlignmentTransform": "0,0",
            "Margin": "0,0,0,0",
            "RenderColor": "255,255,255,255",
            "Alignments": "",
            "DrawBackground": true,
            "MinimumSize": "1,1",
            "MaximumSize": "4096,4096",
            "Disabled": false,
            "Hidden": false,
            "RestrictToParent": false,
            "MouseInputEnabled": true,
            "HideToolTip": false,
            "ToolTipBackground": null,
            "ToolTipFont": null,
            "ToolTipTextColor": "",
            "Texture": "hpbar.png",
            "HoverSound": null,
            "LeftMouseClickSound": null,
            "RightMouseClickSound": null
          }
        }
      },
      "HealthLabel1": {
        "Bounds": "10,89,21,16",
        "Padding": "0,0,0,0",
        "AlignmentEdgeDistances": "0,0,0,0",
        "AlignmentTransform": "0,0",
        "Margin": "0,0,0,0",
        "RenderColor": "255,255,255,255",
        "Alignments": "",
        "DrawBackground": true,
        "MinimumSize": "1,1",
        "MaximumSize": "4096,4096",
        "Disabled": false,
        "Hidden": true,
        "RestrictToParent": false,
        "MouseInputEnabled": false,
        "HideToolTip": false,
        "ToolTipBackground": null,
        "ToolTipFont": null,
        "ToolTipTextColor": "",
        "BackgroundTemplate": null,
        "TextColor": "255,255,255,255",
        "HoveredTextColor": "",
        "ClickedTextColor": "",
        "DisabledTextColor": "255,90,90,90",
        "TextAlign": "Left, Top",
        "TextPadding": "0,0,0,0",
        "AutoSizeToContents": true,
        "Font": "sourcesansproblack,10",
        "TextScale": 1.0
      },
      "HealthValue1": {
        "Bounds": "42,89,168,14",
        "Padding": "0,0,0,0",
        "AlignmentEdgeDistances": "0,0,0,0",
        "AlignmentTransform": "0,0",
        "Margin": "0,0,0,0",
        "RenderColor": "255,255,255,255",
        "Alignments": "",
        "DrawBackground": true,
        "MinimumSize": "1,1",
        "MaximumSize": "4096,4096",
        "Disabled": false,
        "Hidden": true,
        "RestrictToParent": false,
        "MouseInputEnabled": false,
        "HideToolTip": false,
        "ToolTipBackground": null,
        "ToolTipFont": null,
        "ToolTipTextColor": "",
        "BackgroundTemplate": null,
        "TextColor": "255,255,255,255",
        "HoveredTextColor": "",
        "ClickedTextColor": "",
        "DisabledTextColor": "255,90,90,90",
        "TextAlign": "Center",
        "TextPadding": "0,0,0,0",
        "AutoSizeToContents": false,
        "Font": "sourcesansproblack,10",
        "TextScale": 1.0
      },
      "ManaBarContainer1": {
        "Bounds": "42,111,168,14",
        "Padding": "0,0,0,0",
        "AlignmentEdgeDistances": "0,0,0,0",
        "AlignmentTransform": "0,0",
        "Margin": "0,0,0,0",
        "RenderColor": "255,255,255,255",
        "Alignments": "",
        "DrawBackground": true,
        "MinimumSize": "1,1",
        "MaximumSize": "4096,4096",
        "Disabled": false,
        "Hidden": false,
        "RestrictToParent": false,
        "MouseInputEnabled": true,
        "HideToolTip": false,
        "ToolTipBackground": null,
        "ToolTipFont": null,
        "ToolTipTextColor": "",
        "Texture": "emptybar.png",
        "HoverSound": null,
        "LeftMouseClickSound": null,
        "RightMouseClickSound": null,
        "Children": {
          "ManaBar1": {
            "Bounds": "0,0,168,14",
            "Padding": "0,0,0,0",
            "AlignmentEdgeDistances": "0,0,0,0",
            "AlignmentTransform": "0,0",
            "Margin": "0,0,0,0",
            "RenderColor": "255,255,255,255",
            "Alignments": "",
            "DrawBackground": true,
            "MinimumSize": "1,1",
            "MaximumSize": "4096,4096",
            "Disabled": false,
            "Hidden": false,
            "RestrictToParent": false,
            "MouseInputEnabled": true,
            "HideToolTip": false,
            "ToolTipBackground": null,
            "ToolTipFont": null,
            "ToolTipTextColor": "",
            "Texture": "manabar.png",
            "HoverSound": null,
            "LeftMouseClickSound": null,
            "RightMouseClickSound": null
          }
        }
      },
      "ManaLabel1": {
        "Bounds": "10,109,22,16",
        "Padding": "0,0,0,0",
        "AlignmentEdgeDistances": "0,0,0,0",
        "AlignmentTransform": "0,0",
        "Margin": "0,0,0,0",
        "RenderColor": "255,255,255,255",
        "Alignments": "",
        "DrawBackground": true,
        "MinimumSize": "1,1",
        "MaximumSize": "4096,4096",
        "Disabled": false,
        "Hidden": true,
        "RestrictToParent": false,
        "MouseInputEnabled": false,
        "HideToolTip": false,
        "ToolTipBackground": null,
        "ToolTipFont": null,
        "ToolTipTextColor": "",
        "BackgroundTemplate": null,
        "TextColor": "255,255,255,255",
        "HoveredTextColor": "",
        "ClickedTextColor": "",
        "DisabledTextColor": "255,90,90,90",
        "TextAlign": "Left, Top",
        "TextPadding": "0,0,0,0",
        "AutoSizeToContents": true,
        "Font": "sourcesansproblack,10",
        "TextScale": 1.0
      },
      "ManaValue1": {
        "Bounds": "42,109,168,14",
        "Padding": "0,0,0,0",
        "AlignmentEdgeDistances": "0,0,0,0",
        "AlignmentTransform": "0,0",
        "Margin": "0,0,0,0",
        "RenderColor": "255,255,255,255",
        "Alignments": "",
        "DrawBackground": true,
        "MinimumSize": "1,1",
        "MaximumSize": "4096,4096",
        "Disabled": false,
        "Hidden": true,
        "RestrictToParent": false,
        "MouseInputEnabled": false,
        "HideToolTip": false,
        "ToolTipBackground": null,
        "ToolTipFont": null,
        "ToolTipTextColor": "",
        "BackgroundTemplate": null,
        "TextColor": "255,255,255,255",
        "HoveredTextColor": "",
        "ClickedTextColor": "",
        "DisabledTextColor": "255,90,90,90",
        "TextAlign": "Center",
        "TextPadding": "0,0,0,0",
        "AutoSizeToContents": false,
        "Font": "sourcesansproblack,10",
        "TextScale": 1.0
      },
      "KickButton1": {
        "Bounds": "180,71,30,16",
        "Padding": "0,0,0,0",
        "AlignmentEdgeDistances": "0,0,0,0",
        "AlignmentTransform": "0,0",
        "Margin": "0,0,0,0",
        "RenderColor": "255,255,255,255",
        "Alignments": "",
        "DrawBackground": false,
        "MinimumSize": "1,1",
        "MaximumSize": "4096,4096",
        "Disabled": false,
        "Hidden": true,
        "RestrictToParent": false,
        "MouseInputEnabled": true,
        "HideToolTip": true,
        "ToolTipBackground": null,
        "ToolTipFont": null,
        "ToolTipTextColor": "",
        "TextColor": "255,255,255,255",
        "HoveredTextColor": "255,230,230,230",
        "ClickedTextColor": "255,255,255,255",
        "DisabledTextColor": "255,90,90,90",
        "TextAlign": "Right, Top",
        "TextPadding": "3,3,3,3",
        "AutoSizeToContents": false,
        "Font": "sourcesansproblack,10",
        "TextScale": 1.0,
        "NormalImage": null,
        "HoveredImage": null,
        "ClickedImage": null,
        "DisabledImage": null,
        "CenterImage": false,
        "HoverSound": "octave-tap-resonant.wav",
        "MouseUpSound": "",
        "MouseDownSound": "octave-tap-warm.wav",
        "ClickSound": ""
      },
      "MemberName2": {
        "Bounds": "10,137,1,16",
        "Padding": "0,0,0,0",
        "AlignmentEdgeDistances": "0,0,0,0",
        "AlignmentTransform": "0,0",
        "Margin": "0,0,0,0",
        "RenderColor": "255,255,255,255",
        "Alignments": "",
        "DrawBackground": true,
        "MinimumSize": "1,1",
        "MaximumSize": "4096,4096",
        "Disabled": false,
        "Hidden": false,
        "RestrictToParent": false,
        "MouseInputEnabled": false,
        "HideToolTip": false,
        "ToolTipBackground": null,
        "ToolTipFont": null,
        "ToolTipTextColor": "",
        "BackgroundTemplate": null,
        "TextColor": "255,255,255,255",
        "HoveredTextColor": "",
        "ClickedTextColor": "",
        "DisabledTextColor": "255,90,90,90",
        "TextAlign": "Left, Top",
        "TextPadding": "0,0,0,0",
        "AutoSizeToContents": true,
        "Font": "sourcesansproblack,10",
        "TextScale": 1.0
      },
      "HealthBarContainer2": {
        "Bounds": "42,157,168,14",
        "Padding": "0,0,0,0",
        "AlignmentEdgeDistances": "0,0,0,0",
        "AlignmentTransform": "0,0",
        "Margin": "0,0,0,0",
        "RenderColor": "255,255,255,255",
        "Alignments": "",
        "DrawBackground": true,
        "MinimumSize": "1,1",
        "MaximumSize": "4096,4096",
        "Disabled": false,
        "Hidden": true,
        "RestrictToParent": false,
        "MouseInputEnabled": true,
        "HideToolTip": false,
        "ToolTipBackground": null,
        "ToolTipFont": null,
        "ToolTipTextColor": "",
        "Texture": "emptybar.png",
        "HoverSound": null,
        "LeftMouseClickSound": null,
        "RightMouseClickSound": null,
        "Children": {
          "HealthBar2": {
            "Bounds": "0,0,168,14",
            "Padding": "0,0,0,0",
            "AlignmentEdgeDistances": "0,0,0,0",
            "AlignmentTransform": "0,0",
            "Margin": "0,0,0,0",
            "RenderColor": "255,255,255,255",
            "Alignments": "",
            "DrawBackground": true,
            "MinimumSize": "1,1",
            "MaximumSize": "4096,4096",
            "Disabled": false,
            "Hidden": false,
            "RestrictToParent": false,
            "MouseInputEnabled": true,
            "HideToolTip": false,
            "ToolTipBackground": null,
            "ToolTipFont": null,
            "ToolTipTextColor": "",
            "Texture": "hpbar.png",
            "HoverSound": null,
            "LeftMouseClickSound": null,
            "RightMouseClickSound": null
          }
        }
      },
      "HealthLabel2": {
        "Bounds": "10,155,21,16",
        "Padding": "0,0,0,0",
        "AlignmentEdgeDistances": "0,0,0,0",
        "AlignmentTransform": "0,0",
        "Margin": "0,0,0,0",
        "RenderColor": "255,255,255,255",
        "Alignments": "",
        "DrawBackground": true,
        "MinimumSize": "1,1",
        "MaximumSize": "4096,4096",
        "Disabled": false,
        "Hidden": true,
        "RestrictToParent": false,
        "MouseInputEnabled": false,
        "HideToolTip": false,
        "ToolTipBackground": null,
        "ToolTipFont": null,
        "ToolTipTextColor": "",
        "BackgroundTemplate": null,
        "TextColor": "255,255,255,255",
        "HoveredTextColor": "",
        "ClickedTextColor": "",
        "DisabledTextColor": "255,90,90,90",
        "TextAlign": "Left, Top",
        "TextPadding": "0,0,0,0",
        "AutoSizeToContents": true,
        "Font": "sourcesansproblack,10",
        "TextScale": 1.0
      },
      "HealthValue2": {
        "Bounds": "42,155,168,14",
        "Padding": "0,0,0,0",
        "AlignmentEdgeDistances": "0,0,0,0",
        "AlignmentTransform": "0,0",
        "Margin": "0,0,0,0",
        "RenderColor": "255,255,255,255",
        "Alignments": "",
        "DrawBackground": true,
        "MinimumSize": "1,1",
        "MaximumSize": "4096,4096",
        "Disabled": false,
        "Hidden": true,
        "RestrictToParent": false,
        "MouseInputEnabled": false,
        "HideToolTip": false,
        "ToolTipBackground": null,
        "ToolTipFont": null,
        "ToolTipTextColor": "",
        "BackgroundTemplate": null,
        "TextColor": "255,255,255,255",
        "HoveredTextColor": "",
        "ClickedTextColor": "",
        "DisabledTextColor": "255,90,90,90",
        "TextAlign": "Center",
        "TextPadding": "0,0,0,0",
        "AutoSizeToContents": false,
        "Font": "sourcesansproblack,10",
        "TextScale": 1.0
      },
      "ManaBarContainer2": {
        "Bounds": "42,177,168,14",
        "Padding": "0,0,0,0",
        "AlignmentEdgeDistances": "0,0,0,0",
        "AlignmentTransform": "0,0",
        "Margin": "0,0,0,0",
        "RenderColor": "255,255,255,255",
        "Alignments": "",
        "DrawBackground": true,
        "MinimumSize": "1,1",
        "MaximumSize": "4096,4096",
        "Disabled": false,
        "Hidden": false,
        "RestrictToParent": false,
        "MouseInputEnabled": true,
        "HideToolTip": false,
        "ToolTipBackground": null,
        "ToolTipFont": null,
        "ToolTipTextColor": "",
        "Texture": "emptybar.png",
        "HoverSound": null,
        "LeftMouseClickSound": null,
        "RightMouseClickSound": null,
        "Children": {
          "ManaBar2": {
            "Bounds": "0,0,168,14",
            "Padding": "0,0,0,0",
            "AlignmentEdgeDistances": "0,0,0,0",
            "AlignmentTransform": "0,0",
            "Margin": "0,0,0,0",
            "RenderColor": "255,255,255,255",
            "Alignments": "",
            "DrawBackground": true,
            "MinimumSize": "1,1",
            "MaximumSize": "4096,4096",
            "Disabled": false,
            "Hidden": false,
            "RestrictToParent": false,
            "MouseInputEnabled": true,
            "HideToolTip": false,
            "ToolTipBackground": null,
            "ToolTipFont": null,
            "ToolTipTextColor": "",
            "Texture": "manabar.png",
            "HoverSound": null,
            "LeftMouseClickSound": null,
            "RightMouseClickSound": null
          }
        }
      },
      "ManaLabel2": {
        "Bounds": "10,175,22,16",
        "Padding": "0,0,0,0",
        "AlignmentEdgeDistances": "0,0,0,0",
        "AlignmentTransform": "0,0",
        "Margin": "0,0,0,0",
        "RenderColor": "255,255,255,255",
        "Alignments": "",
        "DrawBackground": true,
        "MinimumSize": "1,1",
        "MaximumSize": "4096,4096",
        "Disabled": false,
        "Hidden": true,
        "RestrictToParent": false,
        "MouseInputEnabled": false,
        "HideToolTip": false,
        "ToolTipBackground": null,
        "ToolTipFont": null,
        "ToolTipTextColor": "",
        "BackgroundTemplate": null,
        "TextColor": "255,255,255,255",
        "HoveredTextColor": "",
        "ClickedTextColor": "",
        "DisabledTextColor": "255,90,90,90",
        "TextAlign": "Left, Top",
        "TextPadding": "0,0,0,0",
        "AutoSizeToContents": true,
        "Font": "sourcesansproblack,10",
        "TextScale": 1.0
      },
      "ManaValue2": {
        "Bounds": "42,175,168,14",
        "Padding": "0,0,0,0",
        "AlignmentEdgeDistances": "0,0,0,0",
        "AlignmentTransform": "0,0",
        "Margin": "0,0,0,0",
        "RenderColor": "255,255,255,255",
        "Alignments": "",
        "DrawBackground": true,
        "MinimumSize": "1,1",
        "MaximumSize": "4096,4096",
        "Disabled": false,
        "Hidden": true,
        "RestrictToParent": false,
        "MouseInputEnabled": false,
        "HideToolTip": false,
        "ToolTipBackground": null,
        "ToolTipFont": null,
        "ToolTipTextColor": "",
        "BackgroundTemplate": null,
        "TextColor": "255,255,255,255",
        "HoveredTextColor": "",
        "ClickedTextColor": "",
        "DisabledTextColor": "255,90,90,90",
        "TextAlign": "Center",
        "TextPadding": "0,0,0,0",
        "AutoSizeToContents": false,
        "Font": "sourcesansproblack,10",
        "TextScale": 1.0
      },
      "KickButton2": {
        "Bounds": "180,137,30,16",
        "Padding": "0,0,0,0",
        "AlignmentEdgeDistances": "0,0,0,0",
        "AlignmentTransform": "0,0",
        "Margin": "0,0,0,0",
        "RenderColor": "255,255,255,255",
        "Alignments": "",
        "DrawBackground": false,
        "MinimumSize": "1,1",
        "MaximumSize": "4096,4096",
        "Disabled": false,
        "Hidden": true,
        "RestrictToParent": false,
        "MouseInputEnabled": true,
        "HideToolTip": true,
        "ToolTipBackground": null,
        "ToolTipFont": null,
        "ToolTipTextColor": "",
        "TextColor": "255,255,255,255",
        "HoveredTextColor": "255,230,230,230",
        "ClickedTextColor": "255,255,255,255",
        "DisabledTextColor": "255,90,90,90",
        "TextAlign": "Right, Top",
        "TextPadding": "3,3,3,3",
        "AutoSizeToContents": false,
        "Font": "sourcesansproblack,10",
        "TextScale": 1.0,
        "NormalImage": null,
        "HoveredImage": null,
        "ClickedImage": null,
        "DisabledImage": null,
        "CenterImage": false,
        "HoverSound": "octave-tap-resonant.wav",
        "MouseUpSound": "",
        "MouseDownSound": "octave-tap-warm.wav",
        "ClickSound": ""
      },
      "MemberName3": {
        "Bounds": "10,203,1,16",
        "Padding": "0,0,0,0",
        "AlignmentEdgeDistances": "0,0,0,0",
        "AlignmentTransform": "0,0",
        "Margin": "0,0,0,0",
        "RenderColor": "255,255,255,255",
        "Alignments": "",
        "DrawBackground": true,
        "MinimumSize": "1,1",
        "MaximumSize": "4096,4096",
        "Disabled": false,
        "Hidden": false,
        "RestrictToParent": false,
        "MouseInputEnabled": false,
        "HideToolTip": false,
        "ToolTipBackground": null,
        "ToolTipFont": null,
        "ToolTipTextColor": "",
        "BackgroundTemplate": null,
        "TextColor": "255,255,255,255",
        "HoveredTextColor": "",
        "ClickedTextColor": "",
        "DisabledTextColor": "255,90,90,90",
        "TextAlign": "Left, Top",
        "TextPadding": "0,0,0,0",
        "AutoSizeToContents": true,
        "Font": "sourcesansproblack,10",
        "TextScale": 1.0
      },
      "HealthBarContainer3": {
        "Bounds": "42,223,168,14",
        "Padding": "0,0,0,0",
        "AlignmentEdgeDistances": "0,0,0,0",
        "AlignmentTransform": "0,0",
        "Margin": "0,0,0,0",
        "RenderColor": "255,255,255,255",
        "Alignments": "",
        "DrawBackground": true,
        "MinimumSize": "1,1",
        "MaximumSize": "4096,4096",
        "Disabled": false,
        "Hidden": true,
        "RestrictToParent": false,
        "MouseInputEnabled": true,
        "HideToolTip": false,
        "ToolTipBackground": null,
        "ToolTipFont": null,
        "ToolTipTextColor": "",
        "Texture": "emptybar.png",
        "HoverSound": null,
        "LeftMouseClickSound": null,
        "RightMouseClickSound": null,
        "Children": {
          "HealthBar3": {
            "Bounds": "0,0,168,14",
            "Padding": "0,0,0,0",
            "AlignmentEdgeDistances": "0,0,0,0",
            "AlignmentTransform": "0,0",
            "Margin": "0,0,0,0",
            "RenderColor": "255,255,255,255",
            "Alignments": "",
            "DrawBackground": true,
            "MinimumSize": "1,1",
            "MaximumSize": "4096,4096",
            "Disabled": false,
            "Hidden": false,
            "RestrictToParent": false,
            "MouseInputEnabled": true,
            "HideToolTip": false,
            "ToolTipBackground": null,
            "ToolTipFont": null,
            "ToolTipTextColor": "",
            "Texture": "hpbar.png",
            "HoverSound": null,
            "LeftMouseClickSound": null,
            "RightMouseClickSound": null
          }
        }
      },
      "HealthLabel3": {
        "Bounds": "10,221,21,16",
        "Padding": "0,0,0,0",
        "AlignmentEdgeDistances": "0,0,0,0",
        "AlignmentTransform": "0,0",
        "Margin": "0,0,0,0",
        "RenderColor": "255,255,255,255",
        "Alignments": "",
        "DrawBackground": true,
        "MinimumSize": "1,1",
        "MaximumSize": "4096,4096",
        "Disabled": false,
        "Hidden": true,
        "RestrictToParent": false,
        "MouseInputEnabled": false,
        "HideToolTip": false,
        "ToolTipBackground": null,
        "ToolTipFont": null,
        "ToolTipTextColor": "",
        "BackgroundTemplate": null,
        "TextColor": "255,255,255,255",
        "HoveredTextColor": "",
        "ClickedTextColor": "",
        "DisabledTextColor": "255,90,90,90",
        "TextAlign": "Left, Top",
        "TextPadding": "0,0,0,0",
        "AutoSizeToContents": true,
        "Font": "sourcesansproblack,10",
        "TextScale": 1.0
      },
      "HealthValue3": {
        "Bounds": "42,221,168,14",
        "Padding": "0,0,0,0",
        "AlignmentEdgeDistances": "0,0,0,0",
        "AlignmentTransform": "0,0",
        "Margin": "0,0,0,0",
        "RenderColor": "255,255,255,255",
        "Alignments": "",
        "DrawBackground": true,
        "MinimumSize": "1,1",
        "MaximumSize": "4096,4096",
        "Disabled": false,
        "Hidden": true,
        "RestrictToParent": false,
        "MouseInputEnabled": false,
        "HideToolTip": false,
        "ToolTipBackground": null,
        "ToolTipFont": null,
        "ToolTipTextColor": "",
        "BackgroundTemplate": null,
        "TextColor": "255,255,255,255",
        "HoveredTextColor": "",
        "ClickedTextColor": "",
        "DisabledTextColor": "255,90,90,90",
        "TextAlign": "Center",
        "TextPadding": "0,0,0,0",
        "AutoSizeToContents": false,
        "Font": "sourcesansproblack,10",
        "TextScale": 1.0
      },
      "ManaBarContainer3": {
        "Bounds": "42,243,168,14",
        "Padding": "0,0,0,0",
        "AlignmentEdgeDistances": "0,0,0,0",
        "AlignmentTransform": "0,0",
        "Margin": "0,0,0,0",
        "RenderColor": "255,255,255,255",
        "Alignments": "",
        "DrawBackground": true,
        "MinimumSize": "1,1",
        "MaximumSize": "4096,4096",
        "Disabled": false,
        "Hidden": false,
        "RestrictToParent": false,
        "MouseInputEnabled": true,
        "HideToolTip": false,
        "ToolTipBackground": null,
        "ToolTipFont": null,
        "ToolTipTextColor": "",
        "Texture": "emptybar.png",
        "HoverSound": null,
        "LeftMouseClickSound": null,
        "RightMouseClickSound": null,
        "Children": {
          "ManaBar3": {
            "Bounds": "0,0,168,14",
            "Padding": "0,0,0,0",
            "AlignmentEdgeDistances": "0,0,0,0",
            "AlignmentTransform": "0,0",
            "Margin": "0,0,0,0",
            "RenderColor": "255,255,255,255",
            "Alignments": "",
            "DrawBackground": true,
            "MinimumSize": "1,1",
            "MaximumSize": "4096,4096",
            "Disabled": false,
            "Hidden": false,
            "RestrictToParent": false,
            "MouseInputEnabled": true,
            "HideToolTip": false,
            "ToolTipBackground": null,
            "ToolTipFont": null,
            "ToolTipTextColor": "",
            "Texture": "manabar.png",
            "HoverSound": null,
            "LeftMouseClickSound": null,
            "RightMouseClickSound": null
          }
        }
      },
      "ManaLabel3": {
        "Bounds": "10,241,22,16",
        "Padding": "0,0,0,0",
        "AlignmentEdgeDistances": "0,0,0,0",
        "AlignmentTransform": "0,0",
        "Margin": "0,0,0,0",
        "RenderColor": "255,255,255,255",
        "Alignments": "",
        "DrawBackground": true,
        "MinimumSize": "1,1",
        "MaximumSize": "4096,4096",
        "Disabled": false,
        "Hidden": true,
        "RestrictToParent": false,
        "MouseInputEnabled": false,
        "HideToolTip": false,
        "ToolTipBackground": null,
        "ToolTipFont": null,
        "ToolTipTextColor": "",
        "BackgroundTemplate": null,
        "TextColor": "255,255,255,255",
        "HoveredTextColor": "",
        "ClickedTextColor": "",
        "DisabledTextColor": "255,90,90,90",
        "TextAlign": "Left, Top",
        "TextPadding": "0,0,0,0",
        "AutoSizeToContents": true,
        "Font": "sourcesansproblack,10",
        "TextScale": 1.0
      },
      "ManaValue3": {
        "Bounds": "42,241,168,14",
        "Padding": "0,0,0,0",
        "AlignmentEdgeDistances": "0,0,0,0",
        "AlignmentTransform": "0,0",
        "Margin": "0,0,0,0",
        "RenderColor": "255,255,255,255",
        "Alignments": "",
        "DrawBackground": true,
        "MinimumSize": "1,1",
        "MaximumSize": "4096,4096",
        "Disabled": false,
        "Hidden": true,
        "RestrictToParent": false,
        "MouseInputEnabled": false,
        "HideToolTip": false,
        "ToolTipBackground": null,
        "ToolTipFont": null,
        "ToolTipTextColor": "",
        "BackgroundTemplate": null,
        "TextColor": "255,255,255,255",
        "HoveredTextColor": "",
        "ClickedTextColor": "",
        "DisabledTextColor": "255,90,90,90",
        "TextAlign": "Center",
        "TextPadding": "0,0,0,0",
        "AutoSizeToContents": false,
        "Font": "sourcesansproblack,10",
        "TextScale": 1.0
      },
      "KickButton3": {
        "Bounds": "180,203,30,16",
        "Padding": "0,0,0,0",
        "AlignmentEdgeDistances": "0,0,0,0",
        "AlignmentTransform": "0,0",
        "Margin": "0,0,0,0",
        "RenderColor": "255,255,255,255",
        "Alignments": "",
        "DrawBackground": false,
        "MinimumSize": "1,1",
        "MaximumSize": "4096,4096",
        "Disabled": false,
        "Hidden": true,
        "RestrictToParent": false,
        "MouseInputEnabled": true,
        "HideToolTip": true,
        "ToolTipBackground": null,
        "ToolTipFont": null,
        "ToolTipTextColor": "",
        "TextColor": "255,255,255,255",
        "HoveredTextColor": "255,230,230,230",
        "ClickedTextColor": "255,255,255,255",
        "DisabledTextColor": "255,90,90,90",
        "TextAlign": "Right, Top",
        "TextPadding": "3,3,3,3",
        "AutoSizeToContents": false,
        "Font": "sourcesansproblack,10",
        "TextScale": 1.0,
        "NormalImage": null,
        "HoveredImage": null,
        "ClickedImage": null,
        "DisabledImage": null,
        "CenterImage": false,
        "HoverSound": "octave-tap-resonant.wav",
        "MouseUpSound": "",
        "MouseDownSound": "octave-tap-warm.wav",
        "ClickSound": ""
      },
      "LeavePartyButton": {
        "Bounds": "50,270,120,28",
        "Padding": "3,3,3,3",
        "AlignmentEdgeDistances": "0,0,0,0",
        "AlignmentTransform": "0,0",
        "Margin": "0,0,0,0",
        "RenderColor": "255,255,255,255",
        "Alignments": "CenterH",
        "DrawBackground": true,
        "MinimumSize": "1,1",
        "MaximumSize": "4096,4096",
        "Disabled": false,
        "Hidden": false,
        "RestrictToParent": false,
        "MouseInputEnabled": true,
        "HideToolTip": true,
        "ToolTipBackground": null,
        "ToolTipFont": null,
        "ToolTipTextColor": "",
        "TextColor": "255,255,255,255",
        "HoveredTextColor": "255,255,255,255",
        "ClickedTextColor": "255,255,255,255",
        "DisabledTextColor": "255,255,255,255",
        "TextAlign": "Center",
        "TextPadding": "3,3,3,3",
        "AutoSizeToContents": false,
        "Font": "sourcesansproblack,10",
        "TextScale": 1.0,
        "NormalImage": "control_button.png",
        "HoveredImage": "control_button_hovered.png",
        "ClickedImage": "control_button_clicked.png",
        "DisabledImage": "",
        "CenterImage": false,
        "HoverSound": "octave-tap-resonant.wav",
        "MouseUpSound": "",
        "MouseDownSound": "octave-tap-warm.wav",
        "ClickSound": ""
      }
    }
  }
}