{
  "Bounds": "179,65,442,469",
  "Padding": "0,0,0,0",
  "AlignmentEdgeDistances": "0,0,0,0",
  "AlignmentTransform": "0,0",
  "Margin": "0,0,0,0",
  "RenderColor": "255,255,255,255",
  "Alignments": "Center",
  "DrawBackground": true,
  "MinimumSize": "100,40",
  "MaximumSize": "4096,4096",
  "Disabled": false,
  "Hidden": false,
  "RestrictToParent": false,
  "MouseInputEnabled": true,
  "HideToolTip": false,
  "ToolTipBackground": null,
  "ToolTipFont": null,
  "ToolTipTextColor": "",
  "ClampMovement": true,
  "ActiveImage": "questoffer.png",
  "InactiveImage": "",
  "ActiveColor": "255,220,220,220",
  "InactiveColor": "",
  "Closable": false,
  "Titlebar": {
    "Bounds": "0,0,442,32",
    "Padding": "0,0,0,0",
    "AlignmentEdgeDistances": "0,0,0,0",
    "AlignmentTransform": "0,0",
    "Margin": "0,0,0,0",
    "RenderColor": "255,255,255,255",
    "Alignments": "",
    "DrawBackground": true,
    "MinimumSize": "1,1",
    "MaximumSize": "4096,4096",
    "Disabled": false,
    "Hidden": false,
    "RestrictToParent": false,
    "MouseInputEnabled": true,
    "HideToolTip": false,
    "ToolTipBackground": null,
    "ToolTipFont": null,
    "ToolTipTextColor": "",
    "NormalImage": "",
    "HoveredImage": "",
    "ClickedImage": "",
    "DisabledImage": "",
    "HoverSound": "",
    "MouseUpSound": "",
    "MouseDownSound": ""
  },
  "Title": {
    "Bounds": "76,7,114,26",
    "Padding": "32,6,0,0",
    "AlignmentEdgeDistances": "0,0,0,0",
    "AlignmentTransform": "0,0",
    "Margin": "0,0,0,0",
    "RenderColor": "255,255,255,255",
    "Alignments": "",
    "DrawBackground": true,
    "MinimumSize": "1,1",
    "MaximumSize": "4096,4096",
    "Disabled": false,
    "Hidden": false,
    "RestrictToParent": false,
    "MouseInputEnabled": false,
    "HideToolTip": false,
    "ToolTipBackground": null,
    "ToolTipFont": null,
    "ToolTipTextColor": "",
    "BackgroundTemplate": null,
    "TextColor": "255,255,255,255",
    "HoveredTextColor": "",
    "ClickedTextColor": "",
    "DisabledTextColor": "255,90,90,90",
    "TextAlign": "Left, Top",
    "TextPadding": "0,0,0,0",
    "AutoSizeToContents": true,
    "Font": "sourcesansproblack,12",
    "TextScale": 1.0
  },
  "CloseButton": {
    "Bounds": "408,0,34,32",
    "Padding": "3,0,0,0",
    "AlignmentEdgeDistances": "0,0,0,0",
    "AlignmentTransform": "0,0",
    "Margin": "0,0,0,0",
    "RenderColor": "255,255,255,255",
    "Alignments": "Top,Right",
    "DrawBackground": true,
    "MinimumSize": "1,1",
    "MaximumSize": "40,40",
    "Disabled": false,
    "Hidden": true,
    "RestrictToParent": true,
    "MouseInputEnabled": true,
    "HideToolTip": false,
    "ToolTipBackground": null,
    "ToolTipFont": null,
    "ToolTipTextColor": "",
    "TextColor": "0,255,255,255",
    "HoveredTextColor": "",
    "ClickedTextColor": "",
    "DisabledTextColor": "255,90,90,90",
    "TextAlign": "Center",
    "TextPadding": "3,3,3,3",
    "AutoSizeToContents": false,
    "Font": "arial,10",
    "TextScale": 1.0,
    "NormalImage": "closenormal.png",
    "HoveredImage": "closehover.png",
    "ClickedImage": "closeclicked.png",
    "DisabledImage": "",
    "CenterImage": false,
    "HoverSound": "octave-tap-resonant.wav",
    "MouseUpSound": "",
    "MouseDownSound": "octave-tap-warm.wav",
    "ClickSound": ""
  },
  "InnerPanel": {
    "Bounds": "0,0,10,10",
    "Padding": "0,0,0,0",
    "AlignmentEdgeDistances": "0,0,0,0",
    "AlignmentTransform": "0,0",
    "Margin": "0,0,0,0",
    "RenderColor": "255,255,255,255",
    "Alignments": "",
    "DrawBackground": true,
    "MinimumSize": "1,1",
    "MaximumSize": "4096,4096",
    "Disabled": false,
    "Hidden": false,
    "RestrictToParent": false,
    "MouseInputEnabled": true,
    "HideToolTip": false,
    "ToolTipBackground": null,
    "ToolTipFont": null,
    "ToolTipTextColor": "",
    "Children": {
      "QuestTitle": {
        "Bounds": "0,10,442,424",
        "Padding": "0,0,0,0",
        "AlignmentEdgeDistances": "0,0,0,0",
        "AlignmentTransform": "0,0",
        "Margin": "0,0,0,0",
        "RenderColor": "255,255,255,255",
        "Alignments": "",
        "DrawBackground": true,
        "MinimumSize": "1,1",
        "MaximumSize": "4096,4096",
        "Disabled": false,
        "Hidden": false,
        "RestrictToParent": false,
        "MouseInputEnabled": false,
        "HideToolTip": false,
        "ToolTipBackground": null,
        "ToolTipFont": null,
        "ToolTipTextColor": "",
        "BackgroundTemplate": null,
        "TextColor": "255,230,230,230",
        "HoveredTextColor": "",
        "ClickedTextColor": "",
        "DisabledTextColor": "255,90,90,90",
        "TextAlign": "CenterH",
        "TextPadding": "0,0,0,0",
        "AutoSizeToContents": false,
        "Font": "sourcesansproblack,18",
        "TextScale": 1.0
      },
      "QuestOfferArea": {
        "Bounds": "39,52,370,318",
        "Padding": "0,0,0,0",
        "AlignmentEdgeDistances": "0,0,0,0",
        "AlignmentTransform": "0,0",
        "Margin": "0,0,0,0",
        "RenderColor": "255,255,255,255",
        "Alignments": "",
        "DrawBackground": false,
        "MinimumSize": "1,1",
        "MaximumSize": "4096,4096",
        "Disabled": false,
        "Hidden": false,
        "RestrictToParent": false,
        "MouseInputEnabled": false,
        "HideToolTip": false,
        "ToolTipBackground": null,
        "ToolTipFont": null,
        "ToolTipTextColor": "",
        "CanScrollH": false,
        "CanScrollV": true,
        "AutoHideBars": false,
        "InnerPanel": {
          "Bounds": "0,0,10,10",
          "Padding": "0,0,0,0",
          "AlignmentEdgeDistances": "0,0,0,0",
          "AlignmentTransform": "0,0",
          "Margin": "5,5,5,5",
          "RenderColor": "255,255,255,255",
          "Alignments": "",
          "DrawBackground": true,
          "MinimumSize": "1,1",
          "MaximumSize": "4096,4096",
          "Disabled": false,
          "Hidden": false,
          "RestrictToParent": false,
          "MouseInputEnabled": false,
          "HideToolTip": false,
          "ToolTipBackground": null,
          "ToolTipFont": null,
          "ToolTipTextColor": "",
          "Children": {
            "QuestOfferTemplate": {
              "Bounds": "0,0,1,16",
              "Padding": "0,0,0,0",
              "AlignmentEdgeDistances": "0,0,0,0",
              "AlignmentTransform": "0,0",
              "Margin": "0,0,0,0",
              "RenderColor": "255,255,255,255",
              "Alignments": "",
              "DrawBackground": true,
              "MinimumSize": "1,1",
              "MaximumSize": "4096,4096",
              "Disabled": false,
              "Hidden": false,
              "RestrictToParent": false,
              "MouseInputEnabled": false,
              "HideToolTip": false,
              "ToolTipBackground": null,
              "ToolTipFont": null,
              "ToolTipTextColor": "",
              "BackgroundTemplate": null,
              "TextColor": "255,255,255,255",
              "HoveredTextColor": "",
              "ClickedTextColor": "",
              "DisabledTextColor": "255,90,90,90",
              "TextAlign": "Left, Top",
              "TextPadding": "0,0,0,0",
              "AutoSizeToContents": true,
              "Font": "sourcesansproblack,10",
              "TextScale": 1.0
            }
          }
        },
        "HorizontalScrollBar": {
          "Bounds": "0,0,15,15",
          "Padding": "0,0,0,0",
          "AlignmentEdgeDistances": "0,0,0,0",
          "AlignmentTransform": "0,0",
          "Margin": "0,0,0,0",
          "RenderColor": "255,255,255,255",
          "Alignments": "",
          "DrawBackground": true,
          "MinimumSize": "1,1",
          "MaximumSize": "4096,4096",
          "Disabled": false,
          "Hidden": true,
          "RestrictToParent": false,
          "MouseInputEnabled": true,
          "HideToolTip": false,
          "ToolTipBackground": null,
          "ToolTipFont": null,
          "ToolTipTextColor": "",
          "BackgroundTemplate": null,
          "UpOrLeftButton": {
            "Bounds": "0,0,100,20",
            "Padding": "3,3,3,3",
            "AlignmentEdgeDistances": "0,0,0,0",
            "AlignmentTransform": "0,0",
            "Margin": "0,0,0,0",
            "RenderColor": "255,255,255,255",
            "Alignments": "",
            "DrawBackground": true,
            "MinimumSize": "1,1",
            "MaximumSize": "4096,4096",
            "Disabled": false,
            "Hidden": false,
            "RestrictToParent": false,
            "MouseInputEnabled": true,
            "HideToolTip": false,
            "ToolTipBackground": null,
            "ToolTipFont": null,
            "ToolTipTextColor": "",
            "TextColor": "0,255,255,255",
            "HoveredTextColor": "",
            "ClickedTextColor": "",
            "DisabledTextColor": "255,90,90,90",
            "TextAlign": "Center",
            "TextPadding": "3,3,3,3",
            "AutoSizeToContents": false,
            "Font": "arial,10",
            "TextScale": 1.0,
            "NormalImage": "",
            "HoveredImage": "",
            "ClickedImage": "",
            "DisabledImage": "",
            "CenterImage": false,
            "HoverSound": "octave-tap-resonant.wav",
            "MouseUpSound": "",
            "MouseDownSound": "octave-tap-warm.wav",
            "ClickSound": ""
          },
          "Bar": {
            "Bounds": "0,0,10,10",
            "Padding": "0,0,0,0",
            "AlignmentEdgeDistances": "0,0,0,0",
            "AlignmentTransform": "0,0",
            "Margin": "0,0,0,0",
            "RenderColor": "255,255,255,255",
            "Alignments": "",
            "DrawBackground": true,
            "MinimumSize": "1,1",
            "MaximumSize": "4096,4096",
            "Disabled": false,
            "Hidden": false,
            "RestrictToParent": true,
            "MouseInputEnabled": true,
            "HideToolTip": false,
            "ToolTipBackground": null,
            "ToolTipFont": null,
            "ToolTipTextColor": "",
            "NormalImage": "",
            "HoveredImage": "",
            "ClickedImage": "",
            "DisabledImage": "",
            "HoverSound": "octave-tap-resonant.wav",
            "MouseUpSound": "octave-tap-professional.wav",
            "MouseDownSound": "octave-tap-professional.wav"
          },
          "DownOrRightButton": {
            "Bounds": "0,0,100,20",
            "Padding": "3,3,3,3",
            "AlignmentEdgeDistances": "0,0,0,0",
            "AlignmentTransform": "0,0",
            "Margin": "0,0,0,0",
            "RenderColor": "255,255,255,255",
            "Alignments": "",
            "DrawBackground": true,
            "MinimumSize": "1,1",
            "MaximumSize": "4096,4096",
            "Disabled": false,
            "Hidden": false,
            "RestrictToParent": false,
            "MouseInputEnabled": true,
            "HideToolTip": false,
            "ToolTipBackground": null,
            "ToolTipFont": null,
            "ToolTipTextColor": "",
            "TextColor": "0,255,255,255",
            "HoveredTextColor": "",
            "ClickedTextColor": "",
            "DisabledTextColor": "255,90,90,90",
            "TextAlign": "Center",
            "TextPadding": "3,3,3,3",
            "AutoSizeToContents": false,
            "Font": "arial,10",
            "TextScale": 1.0,
            "NormalImage": "",
            "HoveredImage": "",
            "ClickedImage": "",
            "DisabledImage": "",
            "CenterImage": false,
            "HoverSound": "octave-tap-resonant.wav",
            "MouseUpSound": "",
            "MouseDownSound": "octave-tap-warm.wav",
            "ClickSound": ""
          }
        },
        "VerticalScrollBar": {
          "Bounds": "0,0,15,15",
          "Padding": "0,0,0,0",
          "AlignmentEdgeDistances": "0,0,0,0",
          "AlignmentTransform": "0,0",
          "Margin": "0,0,0,0",
          "RenderColor": "255,255,255,255",
          "Alignments": "",
          "DrawBackground": true,
          "MinimumSize": "1,1",
          "MaximumSize": "4096,4096",
          "Disabled": false,
          "Hidden": false,
          "RestrictToParent": false,
          "MouseInputEnabled": true,
          "HideToolTip": false,
          "ToolTipBackground": null,
          "ToolTipFont": null,
          "ToolTipTextColor": "",
          "BackgroundTemplate": "scrollbarbg.png",
          "UpOrLeftButton": {
            "Bounds": "0,0,100,20",
            "Padding": "3,3,3,3",
            "AlignmentEdgeDistances": "0,0,0,0",
            "AlignmentTransform": "0,0",
            "Margin": "0,0,0,0",
            "RenderColor": "255,255,255,255",
            "Alignments": "",
            "DrawBackground": true,
            "MinimumSize": "1,1",
            "MaximumSize": "4096,4096",
            "Disabled": false,
            "Hidden": false,
            "RestrictToParent": false,
            "MouseInputEnabled": true,
            "HideToolTip": false,
            "ToolTipBackground": null,
            "ToolTipFont": null,
            "ToolTipTextColor": "",
            "TextColor": "0,255,255,255",
            "HoveredTextColor": "",
            "ClickedTextColor": "",
            "DisabledTextColor": "255,90,90,90",
            "TextAlign": "Center",
            "TextPadding": "3,3,3,3",
            "AutoSizeToContents": false,
            "Font": "arial,10",
            "TextScale": 1.0,
            "NormalImage": "uparrownormal.png",
            "HoveredImage": "uparrowhover.png",
            "ClickedImage": "uparrowclicked.png",
            "DisabledImage": "",
            "CenterImage": false,
            "HoverSound": "octave-tap-resonant.wav",
            "MouseUpSound": "",
            "MouseDownSound": "octave-tap-warm.wav",
            "ClickSound": ""
          },
          "Bar": {
            "Bounds": "0,0,10,10",
            "Padding": "0,0,0,0",
            "AlignmentEdgeDistances": "0,0,0,0",
            "AlignmentTransform": "0,0",
            "Margin": "0,0,0,0",
            "RenderColor": "255,255,255,255",
            "Alignments": "",
            "DrawBackground": true,
            "MinimumSize": "1,1",
            "MaximumSize": "4096,4096",
            "Disabled": false,
            "Hidden": true,
            "RestrictToParent": true,
            "MouseInputEnabled": true,
            "HideToolTip": false,
            "ToolTipBackground": null,
            "ToolTipFont": null,
            "ToolTipTextColor": "",
            "NormalImage": "scrollbarnormal.png",
            "HoveredImage": "scrollbarhover.png",
            "ClickedImage": "scrollbarclicked.png",
            "DisabledImage": "",
            "HoverSound": "octave-tap-resonant.wav",
            "MouseUpSound": "octave-tap-professional.wav",
            "MouseDownSound": "octave-tap-professional.wav"
          },
          "DownOrRightButton": {
            "Bounds": "0,0,100,20",
            "Padding": "3,3,3,3",
            "AlignmentEdgeDistances": "0,0,0,0",
            "AlignmentTransform": "0,0",
            "Margin": "0,0,0,0",
            "RenderColor": "255,255,255,255",
            "Alignments": "",
            "DrawBackground": true,
            "MinimumSize": "1,1",
            "MaximumSize": "4096,4096",
            "Disabled": false,
            "Hidden": false,
            "RestrictToParent": false,
            "MouseInputEnabled": true,
            "HideToolTip": false,
            "ToolTipBackground": null,
            "ToolTipFont": null,
            "ToolTipTextColor": "",
            "TextColor": "0,255,255,255",
            "HoveredTextColor": "",
            "ClickedTextColor": "",
            "DisabledTextColor": "255,90,90,90",
            "TextAlign": "Center",
            "TextPadding": "3,3,3,3",
            "AutoSizeToContents": false,
            "Font": "arial,10",
            "TextScale": 1.0,
            "NormalImage": "downarrownormal.png",
            "HoveredImage": "downarrowhover.png",
            "ClickedImage": "downarrowclicked.png",
            "DisabledImage": "",
            "CenterImage": false,
            "HoverSound": "octave-tap-resonant.wav",
            "MouseUpSound": "",
            "MouseDownSound": "octave-tap-warm.wav",
            "ClickSound": ""
          }
        }
      },
      "AcceptButton": {
        "Bounds": "56,388,96,35",
        "Padding": "3,3,3,3",
        "AlignmentEdgeDistances": "0,0,0,0",
        "AlignmentTransform": "0,0",
        "Margin": "0,0,0,0",
        "RenderColor": "255,255,255,255",
        "Alignments": "",
        "DrawBackground": true,
        "MinimumSize": "1,1",
        "MaximumSize": "4096,4096",
        "Disabled": false,
        "Hidden": false,
        "RestrictToParent": false,
        "MouseInputEnabled": true,
        "HideToolTip": false,
        "ToolTipBackground": null,
        "ToolTipFont": null,
        "ToolTipTextColor": "",
        "TextColor": "255,225,225,225",
        "HoveredTextColor": "255,225,225,225",
        "ClickedTextColor": "255,225,225,225",
        "DisabledTextColor": "255,225,225,225",
        "TextAlign": "Center",
        "TextPadding": "3,3,3,3",
        "AutoSizeToContents": false,
        "Font": "sourcesansproblack,12",
        "TextScale": 1.0,
        "NormalImage": "smallbutton.png",
        "HoveredImage": "smallbutton_hovered.png",
        "ClickedImage": "smallbutton_clicked.png",
        "DisabledImage": "smallbutton_disabled.png",
        "CenterImage": false,
        "HoverSound": "octave-tap-resonant.wav",
        "MouseUpSound": "",
        "MouseDownSound": "octave-tap-warm.wav",
        "ClickSound": ""
      },
      "DeclineButton": {
        "Bounds": "290,388,96,35",
        "Padding": "3,3,3,3",
        "AlignmentEdgeDistances": "0,0,0,0",
        "AlignmentTransform": "0,0",
        "Margin": "0,0,0,0",
        "RenderColor": "255,255,255,255",
        "Alignments": "",
        "DrawBackground": true,
        "MinimumSize": "1,1",
        "MaximumSize": "4096,4096",
        "Disabled": false,
        "Hidden": false,
        "RestrictToParent": false,
        "MouseInputEnabled": true,
        "HideToolTip": false,
        "ToolTipBackground": null,
        "ToolTipFont": null,
        "ToolTipTextColor": "",
        "TextColor": "255,225,225,225",
        "HoveredTextColor": "255,225,225,225",
        "ClickedTextColor": "255,225,225,225",
        "DisabledTextColor": "255,225,225,225",
        "TextAlign": "Center",
        "TextPadding": "3,3,3,3",
        "AutoSizeToContents": false,
        "Font": "sourcesansproblack,12",
        "TextScale": 1.0,
        "NormalImage": "smallbutton.png",
        "HoveredImage": "smallbutton_hovered.png",
        "ClickedImage": "smallbutton_clicked.png",
        "DisabledImage": "smallbutton_disabled.png",
        "CenterImage": false,
        "HoverSound": "octave-tap-resonant.wav",
        "MouseUpSound": "",
        "MouseDownSound": "octave-tap-warm.wav",
        "ClickSound": ""
      }
    }
  }
}