{
  "Bounds": "574,198,220,342",
  "Padding": "0,0,0,0",
  "AlignmentEdgeDistances": "0,0,6,60",
  "AlignmentTransform": "0,0",
  "Margin": "0,0,0,0",
  "RenderColor": "255,255,255,255",
  "Alignments": "Bottom,Right",
  "DrawBackground": true,
  "MinimumSize": "100,40",
  "MaximumSize": "4096,4096",
  "Disabled": false,
  "Hidden": true,
  "RestrictToParent": true,
  "MouseInputEnabled": true,
  "HideToolTip": false,
  "ToolTipBackground": null,
  "ToolTipFont": null,
  "ToolTipTextColor": "",
  "ClampMovement": true,
  "ActiveImage": "quests.png",
  "InactiveImage": "",
  "ActiveColor": "255,220,220,220",
  "InactiveColor": "",
  "Closable": true,
  "Titlebar": {
    "Bounds": "0,0,220,33",
    "Padding": "0,0,0,0",
    "AlignmentEdgeDistances": "0,0,0,0",
    "AlignmentTransform": "0,0",
    "Margin": "0,0,0,0",
    "RenderColor": "255,255,255,255",
    "Alignments": "",
    "DrawBackground": true,
    "MinimumSize": "1,1",
    "MaximumSize": "4096,4096",
    "Disabled": false,
    "Hidden": false,
    "RestrictToParent": false,
    "MouseInputEnabled": true,
    "HideToolTip": false,
    "ToolTipBackground": null,
    "ToolTipFont": null,
    "ToolTipTextColor": "",
    "NormalImage": "",
    "HoveredImage": "",
    "ClickedImage": "",
    "DisabledImage": "",
    "HoverSound": "",
    "MouseUpSound": "",
    "MouseDownSound": ""
  },
  "Title": {
    "Bounds": "0,0,114,31",
    "Padding": "40,7,4,4",
    "AlignmentEdgeDistances": "0,0,0,0",
    "AlignmentTransform": "0,0",
    "Margin": "0,0,0,0",
    "RenderColor": "255,255,255,255",
    "Alignments": "",
    "DrawBackground": true,
    "MinimumSize": "1,1",
    "MaximumSize": "4096,4096",
    "Disabled": false,
    "Hidden": false,
    "RestrictToParent": false,
    "MouseInputEnabled": false,
    "HideToolTip": false,
    "ToolTipBackground": null,
    "ToolTipFont": null,
    "ToolTipTextColor": "",
    "BackgroundTemplate": null,
    "TextColor": "0,255,255,255",
    "HoveredTextColor": "",
    "ClickedTextColor": "",
    "DisabledTextColor": "255,90,90,90",
    "TextAlign": "Left, CenterV",
    "TextPadding": "0,0,0,0",
    "AutoSizeToContents": true,
    "Font": "sourcesansproblack,12",
    "TextScale": 1.0
  },
  "CloseButton": {
    "Bounds": "194,8,26,25",
    "Padding": "3,8,0,0",
    "AlignmentEdgeDistances": "0,0,0,0",
    "AlignmentTransform": "0,0",
    "Margin": "0,0,0,0",
    "RenderColor": "255,255,255,255",
    "Alignments": "Top,Right",
    "DrawBackground": true,
    "MinimumSize": "1,1",
    "MaximumSize": "30,30",
    "Disabled": false,
    "Hidden": false,
    "RestrictToParent": true,
    "MouseInputEnabled": true,
    "HideToolTip": false,
    "ToolTipBackground": null,
    "ToolTipFont": null,
    "ToolTipTextColor": "",
    "TextColor": "0,255,255,255",
    "HoveredTextColor": "",
    "ClickedTextColor": "",
    "DisabledTextColor": "255,90,90,90",
    "TextAlign": "Center",
    "TextPadding": "3,3,3,3",
    "AutoSizeToContents": false,
    "Font": "arial,10",
    "TextScale": 1.0,
    "NormalImage": "closenormal.png",
    "HoveredImage": "closehover.png",
    "ClickedImage": "closeclicked.png",
    "DisabledImage": "",
    "CenterImage": false,
    "HoverSound": "octave-tap-resonant.wav",
    "MouseUpSound": "",
    "MouseDownSound": "octave-tap-warm.wav",
    "ClickSound": ""
  },
  "InnerPanel": {
    "Bounds": "0,0,10,10",
    "Padding": "0,0,0,0",
    "AlignmentEdgeDistances": "0,0,0,0",
    "AlignmentTransform": "0,0",
    "Margin": "0,0,0,0",
    "RenderColor": "255,255,255,255",
    "Alignments": "",
    "DrawBackground": true,
    "MinimumSize": "1,1",
    "MaximumSize": "4096,4096",
    "Disabled": false,
    "Hidden": false,
    "RestrictToParent": false,
    "MouseInputEnabled": true,
    "HideToolTip": false,
    "ToolTipBackground": null,
    "ToolTipFont": null,
    "ToolTipTextColor": "",
    "Children": {
      "QuestList": {
        "Bounds": "1,0,218,310",
        "Padding": "0,0,0,0",
        "AlignmentEdgeDistances": "0,0,0,0",
        "AlignmentTransform": "0,0",
        "Margin": "1,1,1,1",
        "RenderColor": "255,255,255,255",
        "Alignments": "",
        "DrawBackground": false,
        "MinimumSize": "1,1",
        "MaximumSize": "4096,4096",
        "Disabled": true,
        "Hidden": false,
        "RestrictToParent": false,
        "MouseInputEnabled": true,
        "HideToolTip": false,
        "ToolTipBackground": null,
        "ToolTipFont": null,
        "ToolTipTextColor": "",
        "CanScrollH": false,
        "CanScrollV": true,
        "AutoHideBars": false,
        "InnerPanel": {
          "Bounds": "0,0,10,10",
          "Padding": "0,0,0,0",
          "AlignmentEdgeDistances": "0,0,0,0",
          "AlignmentTransform": "0,0",
          "Margin": "5,5,5,5",
          "RenderColor": "255,255,255,255",
          "Alignments": "",
          "DrawBackground": true,
          "MinimumSize": "1,1",
          "MaximumSize": "4096,4096",
          "Disabled": false,
          "Hidden": false,
          "RestrictToParent": false,
          "MouseInputEnabled": false,
          "HideToolTip": false,
          "ToolTipBackground": null,
          "ToolTipFont": null,
          "ToolTipTextColor": ""
        },
        "HorizontalScrollBar": {
          "Bounds": "0,0,15,15",
          "Padding": "0,0,0,0",
          "AlignmentEdgeDistances": "0,0,0,0",
          "AlignmentTransform": "0,0",
          "Margin": "0,0,0,0",
          "RenderColor": "255,255,255,255",
          "Alignments": "",
          "DrawBackground": true,
          "MinimumSize": "1,1",
          "MaximumSize": "4096,4096",
          "Disabled": false,
          "Hidden": true,
          "RestrictToParent": false,
          "MouseInputEnabled": true,
          "HideToolTip": false,
          "ToolTipBackground": null,
          "ToolTipFont": null,
          "ToolTipTextColor": "",
          "BackgroundTemplate": null,
          "UpOrLeftButton": {
            "Bounds": "0,0,100,20",
            "Padding": "3,3,3,3",
            "AlignmentEdgeDistances": "0,0,0,0",
            "AlignmentTransform": "0,0",
            "Margin": "0,0,0,0",
            "RenderColor": "255,255,255,255",
            "Alignments": "",
            "DrawBackground": true,
            "MinimumSize": "1,1",
            "MaximumSize": "4096,4096",
            "Disabled": false,
            "Hidden": false,
            "RestrictToParent": false,
            "MouseInputEnabled": true,
            "HideToolTip": false,
            "ToolTipBackground": null,
            "ToolTipFont": null,
            "ToolTipTextColor": "",
            "TextColor": "0,255,255,255",
            "HoveredTextColor": "",
            "ClickedTextColor": "",
            "DisabledTextColor": "255,90,90,90",
            "TextAlign": "Center",
            "TextPadding": "3,3,3,3",
            "AutoSizeToContents": false,
            "Font": "arial,10",
            "TextScale": 1.0,
            "NormalImage": "",
            "HoveredImage": "",
            "ClickedImage": "",
            "DisabledImage": "",
            "CenterImage": false,
            "HoverSound": "octave-tap-resonant.wav",
            "MouseUpSound": "",
            "MouseDownSound": "octave-tap-warm.wav",
            "ClickSound": ""
          },
          "Bar": {
            "Bounds": "0,0,10,10",
            "Padding": "0,0,0,0",
            "AlignmentEdgeDistances": "0,0,0,0",
            "AlignmentTransform": "0,0",
            "Margin": "0,0,0,0",
            "RenderColor": "255,255,255,255",
            "Alignments": "",
            "DrawBackground": true,
            "MinimumSize": "1,1",
            "MaximumSize": "4096,4096",
            "Disabled": false,
            "Hidden": false,
            "RestrictToParent": true,
            "MouseInputEnabled": true,
            "HideToolTip": false,
            "ToolTipBackground": null,
            "ToolTipFont": null,
            "ToolTipTextColor": "",
            "NormalImage": "",
            "HoveredImage": "",
            "ClickedImage": "",
            "DisabledImage": "",
            "HoverSound": "octave-tap-resonant.wav",
            "MouseUpSound": "octave-tap-professional.wav",
            "MouseDownSound": "octave-tap-professional.wav"
          },
          "DownOrRightButton": {
            "Bounds": "0,0,100,20",
            "Padding": "3,3,3,3",
            "AlignmentEdgeDistances": "0,0,0,0",
            "AlignmentTransform": "0,0",
            "Margin": "0,0,0,0",
            "RenderColor": "255,255,255,255",
            "Alignments": "",
            "DrawBackground": true,
            "MinimumSize": "1,1",
            "MaximumSize": "4096,4096",
            "Disabled": false,
            "Hidden": false,
            "RestrictToParent": false,
            "MouseInputEnabled": true,
            "HideToolTip": false,
            "ToolTipBackground": null,
            "ToolTipFont": null,
            "ToolTipTextColor": "",
            "TextColor": "0,255,255,255",
            "HoveredTextColor": "",
            "ClickedTextColor": "",
            "DisabledTextColor": "255,90,90,90",
            "TextAlign": "Center",
            "TextPadding": "3,3,3,3",
            "AutoSizeToContents": false,
            "Font": "arial,10",
            "TextScale": 1.0,
            "NormalImage": "",
            "HoveredImage": "",
            "ClickedImage": "",
            "DisabledImage": "",
            "CenterImage": false,
            "HoverSound": "octave-tap-resonant.wav",
            "MouseUpSound": "",
            "MouseDownSound": "octave-tap-warm.wav",
            "ClickSound": ""
          }
        },
        "VerticalScrollBar": {
          "Bounds": "0,0,15,15",
          "Padding": "0,0,0,0",
          "AlignmentEdgeDistances": "0,0,0,0",
          "AlignmentTransform": "0,0",
          "Margin": "0,0,0,0",
          "RenderColor": "255,255,255,255",
          "Alignments": "",
          "DrawBackground": true,
          "MinimumSize": "1,1",
          "MaximumSize": "4096,4096",
          "Disabled": false,
          "Hidden": false,
          "RestrictToParent": false,
          "MouseInputEnabled": true,
          "HideToolTip": false,
          "ToolTipBackground": null,
          "ToolTipFont": null,
          "ToolTipTextColor": "",
          "BackgroundTemplate": "scrollbarbg.png",
          "UpOrLeftButton": {
            "Bounds": "0,0,100,20",
            "Padding": "3,3,3,3",
            "AlignmentEdgeDistances": "0,0,0,0",
            "AlignmentTransform": "0,0",
            "Margin": "0,0,0,0",
            "RenderColor": "255,255,255,255",
            "Alignments": "",
            "DrawBackground": true,
            "MinimumSize": "1,1",
            "MaximumSize": "4096,4096",
            "Disabled": false,
            "Hidden": false,
            "RestrictToParent": false,
            "MouseInputEnabled": true,
            "HideToolTip": false,
            "ToolTipBackground": null,
            "ToolTipFont": null,
            "ToolTipTextColor": "",
            "TextColor": "0,255,255,255",
            "HoveredTextColor": "",
            "ClickedTextColor": "",
            "DisabledTextColor": "255,90,90,90",
            "TextAlign": "Center",
            "TextPadding": "3,3,3,3",
            "AutoSizeToContents": false,
            "Font": "arial,10",
            "TextScale": 1.0,
            "NormalImage": "uparrownormal.png",
            "HoveredImage": "uparrowhover.png",
            "ClickedImage": "uparrowclicked.png",
            "DisabledImage": "",
            "CenterImage": false,
            "HoverSound": "octave-tap-resonant.wav",
            "MouseUpSound": "",
            "MouseDownSound": "octave-tap-warm.wav",
            "ClickSound": ""
          },
          "Bar": {
            "Bounds": "0,0,10,10",
            "Padding": "0,0,0,0",
            "AlignmentEdgeDistances": "0,0,0,0",
            "AlignmentTransform": "0,0",
            "Margin": "0,0,0,0",
            "RenderColor": "255,255,255,255",
            "Alignments": "",
            "DrawBackground": true,
            "MinimumSize": "1,1",
            "MaximumSize": "4096,4096",
            "Disabled": false,
            "Hidden": true,
            "RestrictToParent": true,
            "MouseInputEnabled": true,
            "HideToolTip": false,
            "ToolTipBackground": null,
            "ToolTipFont": null,
            "ToolTipTextColor": "",
            "NormalImage": "scrollbarnormal.png",
            "HoveredImage": "scrollbarhover.png",
            "ClickedImage": "scrollbarclicked.png",
            "DisabledImage": "",
            "HoverSound": "octave-tap-resonant.wav",
            "MouseUpSound": "octave-tap-professional.wav",
            "MouseDownSound": "octave-tap-professional.wav"
          },
          "DownOrRightButton": {
            "Bounds": "0,0,100,20",
            "Padding": "3,3,3,3",
            "AlignmentEdgeDistances": "0,0,0,0",
            "AlignmentTransform": "0,0",
            "Margin": "0,0,0,0",
            "RenderColor": "255,255,255,255",
            "Alignments": "",
            "DrawBackground": true,
            "MinimumSize": "1,1",
            "MaximumSize": "4096,4096",
            "Disabled": false,
            "Hidden": false,
            "RestrictToParent": false,
            "MouseInputEnabled": true,
            "HideToolTip": false,
            "ToolTipBackground": null,
            "ToolTipFont": null,
            "ToolTipTextColor": "",
            "TextColor": "0,255,255,255",
            "HoveredTextColor": "",
            "ClickedTextColor": "",
            "DisabledTextColor": "255,90,90,90",
            "TextAlign": "Center",
            "TextPadding": "3,3,3,3",
            "AutoSizeToContents": false,
            "Font": "arial,10",
            "TextScale": 1.0,
            "NormalImage": "downarrownormal.png",
            "HoveredImage": "downarrowhover.png",
            "ClickedImage": "downarrowclicked.png",
            "DisabledImage": "",
            "CenterImage": false,
            "HoverSound": "octave-tap-resonant.wav",
            "MouseUpSound": "",
            "MouseDownSound": "octave-tap-warm.wav",
            "ClickSound": ""
          }
        },
        "SizeToContents": false,
        "MultiSelect": false,
        "IsToggle": false,
        "Font": "sourcesansproblack,10",
        "ItemHoverSound": "octave-tap-resonant.wav",
        "ItemClickSound": "octave-tap-warm.wav",
        "ItemRightClickSound": null
      },
      "QuestTitle": {
        "Bounds": "-4,6,228,32",
        "Padding": "0,0,0,0",
        "AlignmentEdgeDistances": "0,0,0,0",
        "AlignmentTransform": "0,0",
        "Margin": "0,0,0,0",
        "RenderColor": "255,255,255,255",
        "Alignments": "CenterH",
        "DrawBackground": true,
        "MinimumSize": "1,1",
        "MaximumSize": "4096,4096",
        "Disabled": false,
        "Hidden": true,
        "RestrictToParent": false,
        "MouseInputEnabled": false,
        "HideToolTip": false,
        "ToolTipBackground": null,
        "ToolTipFont": null,
        "ToolTipTextColor": "",
        "BackgroundTemplate": null,
        "TextColor": "255,255,255,255",
        "HoveredTextColor": "",
        "ClickedTextColor": "",
        "DisabledTextColor": "255,90,90,90",
        "TextAlign": "CenterH",
        "TextPadding": "0,0,0,0",
        "AutoSizeToContents": false,
        "Font": "sourcesansproblack,12",
        "TextScale": 1.0
      },
      "QuestStatus": {
        "Bounds": "-4,24,228,32",
        "Padding": "0,0,0,0",
        "AlignmentEdgeDistances": "0,0,0,0",
        "AlignmentTransform": "0,0",
        "Margin": "0,0,0,0",
        "RenderColor": "255,255,255,255",
        "Alignments": "CenterH",
        "DrawBackground": true,
        "MinimumSize": "1,1",
        "MaximumSize": "4096,4096",
        "Disabled": false,
        "Hidden": true,
        "RestrictToParent": false,
        "MouseInputEnabled": false,
        "HideToolTip": false,
        "ToolTipBackground": null,
        "ToolTipFont": null,
        "ToolTipTextColor": "",
        "BackgroundTemplate": null,
        "TextColor": "255,255,255,255",
        "HoveredTextColor": "",
        "ClickedTextColor": "",
        "DisabledTextColor": "255,90,90,90",
        "TextAlign": "CenterH",
        "TextPadding": "0,0,0,0",
        "AutoSizeToContents": false,
        "Font": "sourcesansproblack,10",
        "TextScale": 1.0
      },
      "QuestDescription": {
        "Bounds": "8,48,211,212",
        "Padding": "0,0,0,0",
        "AlignmentEdgeDistances": "0,0,0,0",
        "AlignmentTransform": "0,0",
        "Margin": "1,1,1,1",
        "RenderColor": "255,255,255,255",
        "Alignments": "",
        "DrawBackground": false,
        "MinimumSize": "1,1",
        "MaximumSize": "4096,4096",
        "Disabled": true,
        "Hidden": true,
        "RestrictToParent": false,
        "MouseInputEnabled": true,
        "HideToolTip": false,
        "ToolTipBackground": null,
        "ToolTipFont": null,
        "ToolTipTextColor": "",
        "CanScrollH": false,
        "CanScrollV": true,
        "AutoHideBars": true,
        "InnerPanel": {
          "Bounds": "0,0,10,10",
          "Padding": "0,0,0,0",
          "AlignmentEdgeDistances": "0,0,0,0",
          "AlignmentTransform": "0,0",
          "Margin": "5,5,5,5",
          "RenderColor": "255,255,255,255",
          "Alignments": "",
          "DrawBackground": true,
          "MinimumSize": "1,1",
          "MaximumSize": "4096,4096",
          "Disabled": false,
          "Hidden": false,
          "RestrictToParent": false,
          "MouseInputEnabled": false,
          "HideToolTip": false,
          "ToolTipBackground": null,
          "ToolTipFont": null,
          "ToolTipTextColor": ""
        },
        "HorizontalScrollBar": {
          "Bounds": "0,0,15,15",
          "Padding": "0,0,0,0",
          "AlignmentEdgeDistances": "0,0,0,0",
          "AlignmentTransform": "0,0",
          "Margin": "0,0,0,0",
          "RenderColor": "255,255,255,255",
          "Alignments": "",
          "DrawBackground": true,
          "MinimumSize": "1,1",
          "MaximumSize": "4096,4096",
          "Disabled": false,
          "Hidden": true,
          "RestrictToParent": false,
          "MouseInputEnabled": true,
          "HideToolTip": false,
          "ToolTipBackground": null,
          "ToolTipFont": null,
          "ToolTipTextColor": "",
          "BackgroundTemplate": null,
          "UpOrLeftButton": {
            "Bounds": "0,0,100,20",
            "Padding": "3,3,3,3",
            "AlignmentEdgeDistances": "0,0,0,0",
            "AlignmentTransform": "0,0",
            "Margin": "0,0,0,0",
            "RenderColor": "255,255,255,255",
            "Alignments": "",
            "DrawBackground": true,
            "MinimumSize": "1,1",
            "MaximumSize": "4096,4096",
            "Disabled": false,
            "Hidden": false,
            "RestrictToParent": false,
            "MouseInputEnabled": true,
            "HideToolTip": false,
            "ToolTipBackground": null,
            "ToolTipFont": null,
            "ToolTipTextColor": "",
            "TextColor": "0,255,255,255",
            "HoveredTextColor": "",
            "ClickedTextColor": "",
            "DisabledTextColor": "255,90,90,90",
            "TextAlign": "Center",
            "TextPadding": "3,3,3,3",
            "AutoSizeToContents": false,
            "Font": "arial,10",
            "TextScale": 1.0,
            "NormalImage": "",
            "HoveredImage": "",
            "ClickedImage": "",
            "DisabledImage": "",
            "CenterImage": false,
            "HoverSound": "octave-tap-resonant.wav",
            "MouseUpSound": "",
            "MouseDownSound": "octave-tap-warm.wav",
            "ClickSound": ""
          },
          "Bar": {
            "Bounds": "0,0,10,10",
            "Padding": "0,0,0,0",
            "AlignmentEdgeDistances": "0,0,0,0",
            "AlignmentTransform": "0,0",
            "Margin": "0,0,0,0",
            "RenderColor": "255,255,255,255",
            "Alignments": "",
            "DrawBackground": true,
            "MinimumSize": "1,1",
            "MaximumSize": "4096,4096",
            "Disabled": false,
            "Hidden": false,
            "RestrictToParent": true,
            "MouseInputEnabled": true,
            "HideToolTip": false,
            "ToolTipBackground": null,
            "ToolTipFont": null,
            "ToolTipTextColor": "",
            "NormalImage": "",
            "HoveredImage": "",
            "ClickedImage": "",
            "DisabledImage": "",
            "HoverSound": "octave-tap-resonant.wav",
            "MouseUpSound": "octave-tap-professional.wav",
            "MouseDownSound": "octave-tap-professional.wav"
          },
          "DownOrRightButton": {
            "Bounds": "0,0,100,20",
            "Padding": "3,3,3,3",
            "AlignmentEdgeDistances": "0,0,0,0",
            "AlignmentTransform": "0,0",
            "Margin": "0,0,0,0",
            "RenderColor": "255,255,255,255",
            "Alignments": "",
            "DrawBackground": true,
            "MinimumSize": "1,1",
            "MaximumSize": "4096,4096",
            "Disabled": false,
            "Hidden": false,
            "RestrictToParent": false,
            "MouseInputEnabled": true,
            "HideToolTip": false,
            "ToolTipBackground": null,
            "ToolTipFont": null,
            "ToolTipTextColor": "",
            "TextColor": "0,255,255,255",
            "HoveredTextColor": "",
            "ClickedTextColor": "",
            "DisabledTextColor": "255,90,90,90",
            "TextAlign": "Center",
            "TextPadding": "3,3,3,3",
            "AutoSizeToContents": false,
            "Font": "arial,10",
            "TextScale": 1.0,
            "NormalImage": "",
            "HoveredImage": "",
            "ClickedImage": "",
            "DisabledImage": "",
            "CenterImage": false,
            "HoverSound": "octave-tap-resonant.wav",
            "MouseUpSound": "",
            "MouseDownSound": "octave-tap-warm.wav",
            "ClickSound": ""
          }
        },
        "VerticalScrollBar": {
          "Bounds": "0,0,15,15",
          "Padding": "0,0,0,0",
          "AlignmentEdgeDistances": "0,0,0,0",
          "AlignmentTransform": "0,0",
          "Margin": "0,0,0,0",
          "RenderColor": "200,40,40,40",
          "Alignments": "",
          "DrawBackground": true,
          "MinimumSize": "1,1",
          "MaximumSize": "4096,4096",
          "Disabled": false,
          "Hidden": false,
          "RestrictToParent": false,
          "MouseInputEnabled": true,
          "HideToolTip": false,
          "ToolTipBackground": null,
          "ToolTipFont": null,
          "ToolTipTextColor": "",
          "BackgroundTemplate": null,
          "UpOrLeftButton": {
            "Bounds": "0,0,100,20",
            "Padding": "3,3,3,3",
            "AlignmentEdgeDistances": "0,0,0,0",
            "AlignmentTransform": "0,0",
            "Margin": "0,0,0,0",
            "RenderColor": "255,255,255,255",
            "Alignments": "",
            "DrawBackground": true,
            "MinimumSize": "1,1",
            "MaximumSize": "4096,4096",
            "Disabled": false,
            "Hidden": false,
            "RestrictToParent": false,
            "MouseInputEnabled": true,
            "HideToolTip": false,
            "ToolTipBackground": null,
            "ToolTipFont": null,
            "ToolTipTextColor": "",
            "TextColor": "0,255,255,255",
            "HoveredTextColor": "",
            "ClickedTextColor": "",
            "DisabledTextColor": "255,90,90,90",
            "TextAlign": "Center",
            "TextPadding": "3,3,3,3",
            "AutoSizeToContents": false,
            "Font": "arial,10",
            "TextScale": 1.0,
            "NormalImage": "uparrownormal.png",
            "HoveredImage": "uparrowhover.png",
            "ClickedImage": "uparrowclicked.png",
            "DisabledImage": "",
            "CenterImage": false,
            "HoverSound": "octave-tap-resonant.wav",
            "MouseUpSound": "",
            "MouseDownSound": "octave-tap-warm.wav",
            "ClickSound": ""
          },
          "Bar": {
            "Bounds": "0,0,10,10",
            "Padding": "0,0,0,0",
            "AlignmentEdgeDistances": "0,0,0,0",
            "AlignmentTransform": "0,0",
            "Margin": "0,0,0,0",
            "RenderColor": "255,255,255,255",
            "Alignments": "",
            "DrawBackground": true,
            "MinimumSize": "1,1",
            "MaximumSize": "4096,4096",
            "Disabled": false,
            "Hidden": false,
            "RestrictToParent": true,
            "MouseInputEnabled": true,
            "HideToolTip": false,
            "ToolTipBackground": null,
            "ToolTipFont": null,
            "ToolTipTextColor": "",
            "NormalImage": "scrollbarnormal.png",
            "HoveredImage": "scrollbarhover.png",
            "ClickedImage": "scrollbarclicked.png",
            "DisabledImage": "",
            "HoverSound": "octave-tap-resonant.wav",
            "MouseUpSound": "octave-tap-professional.wav",
            "MouseDownSound": "octave-tap-professional.wav"
          },
          "DownOrRightButton": {
            "Bounds": "0,0,100,20",
            "Padding": "3,3,3,3",
            "AlignmentEdgeDistances": "0,0,0,0",
            "AlignmentTransform": "0,0",
            "Margin": "0,0,0,0",
            "RenderColor": "255,255,255,255",
            "Alignments": "",
            "DrawBackground": true,
            "MinimumSize": "1,1",
            "MaximumSize": "4096,4096",
            "Disabled": false,
            "Hidden": false,
            "RestrictToParent": false,
            "MouseInputEnabled": true,
            "HideToolTip": false,
            "ToolTipBackground": null,
            "ToolTipFont": null,
            "ToolTipTextColor": "",
            "TextColor": "0,255,255,255",
            "HoveredTextColor": "",
            "ClickedTextColor": "",
            "DisabledTextColor": "255,90,90,90",
            "TextAlign": "Center",
            "TextPadding": "3,3,3,3",
            "AutoSizeToContents": false,
            "Font": "arial,10",
            "TextScale": 1.0,
            "NormalImage": "downarrownormal.png",
            "HoveredImage": "downarrowhover.png",
            "ClickedImage": "downarrowclicked.png",
            "DisabledImage": "",
            "CenterImage": false,
            "HoverSound": "octave-tap-resonant.wav",
            "MouseUpSound": "",
            "MouseDownSound": "octave-tap-warm.wav",
            "ClickSound": ""
          }
        }
      },
      "QuestDescriptionTemplate": {
        "Bounds": "0,0,1,16",
        "Padding": "0,0,0,0",
        "AlignmentEdgeDistances": "0,0,0,0",
        "AlignmentTransform": "0,0",
        "Margin": "0,0,0,0",
        "RenderColor": "255,255,255,255",
        "Alignments": "",
        "DrawBackground": true,
        "MinimumSize": "1,1",
        "MaximumSize": "4096,4096",
        "Disabled": false,
        "Hidden": false,
        "RestrictToParent": false,
        "MouseInputEnabled": false,
        "HideToolTip": false,
        "ToolTipBackground": null,
        "ToolTipFont": null,
        "ToolTipTextColor": "",
        "BackgroundTemplate": null,
        "TextColor": "255,255,255,255",
        "HoveredTextColor": "",
        "ClickedTextColor": "",
        "DisabledTextColor": "255,90,90,90",
        "TextAlign": "Left, Top",
        "TextPadding": "0,0,0,0",
        "AutoSizeToContents": true,
        "Font": "sourcesansproblack,10",
        "TextScale": 1.0
      },
      "BackButton": {
        "Bounds": "9,268,96,35",
        "Padding": "3,3,3,3",
        "AlignmentEdgeDistances": "50,0,0,0",
        "AlignmentTransform": "0,0",
        "Margin": "0,0,0,0",
        "RenderColor": "255,255,255,255",
        "Alignments": "",
        "DrawBackground": true,
        "MinimumSize": "1,1",
        "MaximumSize": "4096,4096",
        "Disabled": false,
        "Hidden": false,
        "RestrictToParent": false,
        "MouseInputEnabled": true,
        "HideToolTip": false,
        "ToolTipBackground": null,
        "ToolTipFont": null,
        "ToolTipTextColor": "",
        "TextColor": "255,225,225,225",
        "HoveredTextColor": "255,225,225,225",
        "ClickedTextColor": "255,225,225,225",
        "DisabledTextColor": "255,225,225,225",
        "TextAlign": "Center",
        "TextPadding": "3,3,3,3",
        "AutoSizeToContents": false,
        "Font": "sourcesansproblack,12",
        "TextScale": 1.0,
        "NormalImage": "smallbutton.png",
        "HoveredImage": "smallbutton_hovered.png",
        "ClickedImage": "smallbutton_clicked.png",
        "DisabledImage": "smallbutton_disabled.png",
        "CenterImage": false,
        "HoverSound": "octave-tap-resonant.wav",
        "MouseUpSound": "",
        "MouseDownSound": "octave-beep-tapped.wav",
        "ClickSound": ""
      },
      "AbandonQuestButton": {
        "Bounds": "114,268,96,35",
        "Padding": "3,3,3,3",
        "AlignmentEdgeDistances": "50,0,0,0",
        "AlignmentTransform": "0,0",
        "Margin": "0,0,0,0",
        "RenderColor": "255,255,255,255",
        "Alignments": "",
        "DrawBackground": true,
        "MinimumSize": "1,1",
        "MaximumSize": "4096,4096",
        "Disabled": false,
        "Hidden": false,
        "RestrictToParent": false,
        "MouseInputEnabled": true,
        "HideToolTip": false,
        "ToolTipBackground": null,
        "ToolTipFont": null,
        "ToolTipTextColor": "",
        "TextColor": "255,225,225,225",
        "HoveredTextColor": "255,225,225,225",
        "ClickedTextColor": "255,225,225,225",
        "DisabledTextColor": "255,225,225,225",
        "TextAlign": "Center",
        "TextPadding": "3,3,3,3",
        "AutoSizeToContents": false,
        "Font": "sourcesansproblack,12",
        "TextScale": 1.0,
        "NormalImage": "smallbutton.png",
        "HoveredImage": "smallbutton_hovered.png",
        "ClickedImage": "smallbutton_clicked.png",
        "DisabledImage": "smallbutton_disabled.png",
        "CenterImage": false,
        "HoverSound": "octave-tap-resonant.wav",
        "MouseUpSound": "",
        "MouseDownSound": "octave-tap-warm.wav",
        "ClickSound": ""
      }
    }
  }
}